date,open,true_close,pred_close
2020-03-11,0.6094859983028246,4082.73,4082.6551987969874
2020-03-12,0.5746878409504182,4028.43,4066.614166127443
2020-03-13,0.5125287913686508,3950.91,4045.1010504651067
2020-03-16,0.5515789792702147,3895.31,4010.0229013979433
2020-03-17,0.5030640077585163,3727.84,3966.8601746749873
2020-03-18,0.5000060613407685,3709.6799999999994,3918.245031200647
2020-03-19,0.46791126197114796,3636.2599999999998,3867.169855113029
2020-03-20,0.4696448054309613,3589.09,3814.4390151572225
2020-03-23,0.4433294944841798,3653.2199999999993,3768.7142250239845
2020-03-24,0.4602921566250454,3530.3100000000004,3724.6495772099493
2020-03-25,0.4944872105709782,3625.11,3687.6710071909424
2020-03-26,0.4887683355558251,3722.52,3665.6896013247965
2020-03-27,0.5050672808825313,3698.05,3651.1416452801222
2020-03-30,0.47811552915504907,3710.0599999999995,3645.3582125842568
2020-03-31,0.4934749666626258,3674.11,3640.383335011601
2020-04-01,0.48564371438962295,3686.16,3640.0230144202706
2020-04-02,0.4777700327312403,3675.0800000000004,3639.904335468411
2020-04-03,0.4975178809552673,3734.5299999999997,3640.876354053616
2020-04-07,0.5152260880106679,3713.22,3648.479303510189
2020-04-08,0.5141683840465511,3798.0200000000004,3666.7814671534297
2020-04-09,0.5208570735846768,3780.3399999999997,3691.043572877049
2020-04-10,0.5197508788944115,3792.81,3722.3743293797966
2020-04-13,0.506679597526973,3769.1800000000003,3741.9295830881592
2020-04-14,0.5145957085707359,3753.2600000000007,3760.1011901485917
2020-04-15,0.5276336525639472,3825.6999999999994,3769.67163996458
2020-04-16,0.514586616559583,3797.36,3776.5604711997507
2020-04-17,0.5309886046793552,3802.38,3782.8026530516145
2020-04-20,0.5350921323796823,3839.49,3790.4241978156565
2020-04-21,0.5329009576918414,3853.4600000000005,3804.0240852522847
2020-04-22,0.5180203661049824,3808.0500000000006,3807.1494599139687
2020-04-23,0.5370469147775488,3839.38,3806.1048125362395
2020-04-24,0.529288398593769,3829.75,3807.2326033306117
2020-04-27,0.5237453024609043,3796.9699999999993,3804.883363701105
2020-04-28,0.5320281246211661,3822.77,3798.990890458822
2020-04-29,0.5326827494241727,3849.1499999999996,3791.3212510251997
2020-04-30,0.5456843253727724,3867.03,3788.197239370346
2020-05-06,0.5416989938174325,3912.58,3794.0749142527575
2020-05-07,0.563013698630137,3936.25,3802.2609385597702
2020-05-08,0.5646532913080374,3924.89,3816.972844854593
2020-05-11,0.5742787004485393,3963.6200000000003,3833.35852353692
2020-05-12,0.5702115407928233,3960.1800000000003,3848.257940628528
2020-05-13,0.5657564553279185,3960.2399999999993,3861.4047256517406
2020-05-14,0.5674415080615832,3968.25,3872.076290271282
2020-05-15,0.5640865559461753,3925.2200000000003,3882.4368946182726
2020-05-18,0.5560643714389623,3912.8199999999997,3886.9313122832773
2020-05-19,0.57095102436659,3922.9100000000003,3888.6025533723828
2020-05-20,0.5685052733664687,3956.25,3898.2964526641367
2020-05-21,0.5669566008000969,3935.2199999999993,3904.5738779783246
2020-05-22,0.5539186568068856,3913.79,3903.6339874112605
2020-05-25,0.5298975633410111,3824.0599999999995,3887.6778505957122
2020-05-26,0.5364680567341497,3829.3199999999997,3869.877954969406
2020-05-27,0.5436507455449145,3872.77,3855.2606802916525
2020-05-28,0.5360104255061219,3845.61,3840.5803178691863
2020-05-29,0.5329464177476059,3856.6300000000006,3822.0856781899924
2020-06-01,0.5521457146320766,3867.02,3808.347932348251
2020-06-02,0.5728209479936962,3971.3399999999997,3804.480692540407
2020-06-03,0.5822827009334465,3983.57,3814.482047230005
2020-06-04,0.5813704691477753,3983.6499999999996,3832.1958787107465
2020-06-05,0.5783579827857922,3982.1900000000005,3852.5066276335715
2020-06-08,0.589083525275791,4001.25,3872.7630509984488
2020-06-09,0.5902806400775852,4021.95,3894.858170577287
2020-06-10,0.5959389016850528,4047.0299999999997,3916.8802719330783
2020-06-11,0.5915474602982179,4039.7100000000005,3942.134257198572
2020-06-12,0.5612043884107164,3995.8800000000006,3958.8223286819457
2020-06-15,0.5767668808340404,4003.0799999999995,3966.988881462812
2020-06-16,0.5805885561886289,3954.9900000000002,3969.869693756103
2020-06-17,0.5875681900836466,4014.57,3978.5711293601985
2020-06-18,0.5848921081343194,4017.59,3987.8212725710864
2020-06-19,0.5961874166565645,4044.38,3994.6573359704016
2020-06-22,0.6114801794156869,4098.71,4000.0729515373705
2020-06-23,0.6116408049460541,4102.05,4011.283098570108
2020-06-24,0.620751000121227,4121.79,4021.848543372154
2020-06-29,0.6206994787246939,4138.99,4039.940317175388
2020-06-30,0.6213268274942417,4109.72,4049.7894045305247
2020-07-01,0.6342496060128501,4163.96,4058.9102568078038
2020-07-02,0.6544853921687476,4247.78,4069.5321690356727
2020-07-03,0.6889683598011879,4335.84,4093.5222575390335
2020-07-06,0.723099769669051,4419.6,4136.5648449456685
2020-07-07,0.8060795247908835,4670.09,4195.511969623565
2020-07-08,0.7919111407443326,4698.13,4272.663413525819
2020-07-09,0.8153139774518122,4774.0,4346.4161025393005
2020-07-10,0.8231967511213482,4840.77,4424.866686666011
2020-07-13,0.8069159898169475,4753.13,4493.998782525062
2020-07-14,0.8353436780215783,4852.96,4552.154779095649
2020-07-15,0.8309037459085952,4806.69,4597.519930140972
2020-07-16,0.8066614135046671,4744.47,4629.603942632675
2020-07-17,0.7409686022548189,4516.25,4627.949447056055
2020-07-20,0.762919747848224,4544.7,4615.564388135671
2020-07-21,0.7933173718026426,4680.3,4600.50043664813
2020-07-22,0.7888198569523578,4691.04,4592.173633207082
2020-07-23,0.7846011637774274,4714.45,4582.252306489944
2020-07-24,0.7877197236028609,4712.44,4571.620463783741
2020-07-27,0.7440720087283307,4505.59,4543.119990963935
2020-07-28,0.7539701782034186,4528.45,4514.307194864749
2020-07-29,0.7513910777063887,4568.26,4489.3585231292245
2020-07-30,0.7909716329252031,4679.01,4465.036055674553
2020-07-31,0.7795823736210451,4656.15,4454.259344813823
2020-08-03,0.8049551460783123,4695.05,4445.484112125635
2020-08-04,0.8178627712449994,4771.31,4452.259424363375
2020-08-05,0.812792459692084,4775.8,4468.061736122369
2020-08-06,0.818090071523821,4777.11,4489.270317115784
2020-08-07,0.8068917444538731,4762.76,4509.13828353405
2020-08-10,0.788547096617772,4707.93,4520.85313252449
2020-08-11,0.8032791853558007,4724.87,4528.842299702167
2020-08-12,0.7846466238331921,4681.78,4531.282860789299
2020-08-13,0.7839192629409625,4647.64,4526.741322031021
2020-08-14,0.7721360164868468,4635.71,4528.4236618900295
2020-08-17,0.8022942174809068,4704.63,4527.926748542785
2020-08-18,0.8294035640683718,4815.23,4538.07180309534
2020-08-19,0.825797066311068,4812.76,4556.4013242328165
2020-08-20,0.7965389744211419,4740.68,4568.776063244342
2020-08-21,0.7994666020123652,4679.15,4571.1490581357475
2020-08-24,0.8081373499818157,4718.84,4568.047828166485
2020-08-25,0.8150503091283793,4755.85,4565.148517923355
2020-08-26,0.8127803370105467,4761.95,4561.8001942873
2020-08-27,0.799548430112741,4706.13,4553.6778418707845
2020-08-28,0.8023457388774397,4731.35,4548.729737646579
2020-08-31,0.8458782882773671,4844.27,4545.033652553558
2020-09-01,0.8254091405018792,4816.22,4550.555777368545
2020-09-02,0.8422869438719843,4842.12,4561.045867364406
2020-09-03,0.8369590253364044,4843.89,4573.3279219114775
2020-09-04,0.8053612559098072,4817.1,4581.519398245811
2020-09-07,0.8121135895260033,4770.22,4582.11834239006
2020-09-08,0.7891744453873196,4669.37,4568.916063517332
2020-09-09,0.7741483816220148,4694.39,4557.910172793865
2020-09-10,0.7734967874893927,4584.59,4540.622378305196
2020-09-11,0.7553612559098074,4581.98,4521.086985553503
2020-09-14,0.7795429749060493,4627.28,4501.195653303861
2020-09-15,0.778755000606134,4651.05,4487.2330113351345
2020-09-16,0.7889259304158079,4688.48,4476.890904937983
2020-09-17,0.7765123045217602,4657.36,4468.3553667366505
2020-09-18,0.77487271184386,4632.71,4454.53642463088
2020-09-21,0.8094556915989816,4737.09,4447.4723496603965
2020-09-22,0.7802006303794401,4691.43,4443.877321788073
2020-09-23,0.7757879742999151,4635.76,4436.81480453968
2020-09-24,0.7710267911261971,4652.33,4433.682225413322
2020-09-25,0.7584586010425504,4563.07,4425.913475911617
2020-09-28,0.7585101224390834,4570.02,4420.476636381149
2020-09-29,0.7662807613044006,4581.91,4415.369449788332
2020-09-30,0.7660655837071159,4591.8,4416.674626185893
2020-10-09,0.7830464298702872,4587.4,4414.121909108162
2020-10-12,0.7956479573281608,4681.14,4419.812073193788
2020-10-13,0.8282913080373376,4823.16,4430.723721730708
2020-10-14,0.8336131652321493,4839.2,4450.02526145339
2020-10-15,0.8276488059158685,4807.1,4473.612484080792
2020-10-16,0.8240544308401018,4798.74,4498.047691671848
2020-10-19,0.8315007879742998,4791.68,4515.321077231169
2020-10-20,0.8096435931628075,4755.49,4525.212807228565
2020-10-21,0.8248757425142442,4793.47,4536.562370388508
2020-10-22,0.8185022426960845,4792.83,4547.793351954221
2020-10-23,0.8169475087889441,4777.98,4557.502244321107
2020-10-26,0.789241120135774,4718.49,4558.898547461033
2020-10-27,0.788056128015517,4691.24,4554.290026652812
2020-10-28,0.7949842405140016,4699.28,4551.340479872227
2020-10-29,0.7891077706388653,4737.27,4547.365173094272
2020-10-30,0.817250575827373,4772.92,4538.395030429363
2020-11-02,0.7949084737543944,4695.33,4522.39819812417
2020-11-03,0.8071584434476907,4720.83,4512.544048172235
2020-11-04,0.8187598496787488,4777.56,4509.136336381435
2020-11-05,0.8429718753788339,4813.66,4511.01027605772
2020-11-06,0.8539701782034187,4885.11,4522.640229194164
2020-11-09,0.8604042914292641,4885.72,4540.236452656984
2020-11-10,0.8836040732209963,4981.35,4564.364010134935
2020-11-11,0.8661322584555705,4953.88,4589.545366607904
2020-11-12,0.8597708813189479,4904.9,4612.316927005052
2020-11-13,0.8507425142441506,4908.46,4637.012274185418
2020-11-16,0.8489180506728088,4856.85,4651.975363167524
2020-11-17,0.8556340162443933,4904.17,4665.223594841957
2020-11-18,0.8515577645775246,4894.79,4677.1035623741145
2020-11-19,0.8489059279912717,4891.67,4687.864696013927
2020-11-20,0.8632409989089588,4927.99,4694.716336634159
2020-11-23,0.8712359073827131,4943.29,4708.847017873525
2020-11-24,0.8841011031640199,5005.03,4721.829268500805
2020-11-25,0.8827979148987756,4974.29,4734.525287693738
2020-11-26,0.8572099648442234,4910.7,4734.49471739769
2020-11-27,0.8639592677900351,4919.59,4730.117907750606
2020-11-30,0.8832100860710387,4980.77,4725.550082432032
2020-12-01,0.8738210692205116,4960.25,4727.683577551841
2020-12-02,0.9071129833919261,5067.1,4732.8022523450845
2020-12-03,0.9048308885925566,5067.14,4747.859194083214
2020-12-04,0.9000030306703845,5057.06,4767.909024555683
2020-12-07,0.9049157473633166,5065.92,4782.157508528232
2020-12-08,0.8938174324160503,5022.24,4791.110710965395
2020-12-09,0.891777791247424,5009.88,4795.439425942897
2020-12-10,0.8641714147169354,4942.7,4786.692037537097
2020-12-11,0.8722117832464541,4940.52,4776.314882392883
2020-12-14,0.8557885804339921,4889.63,4753.851166824102
2020-12-15,0.8642653654988485,4934.84,4734.87635931015
2020-12-16,0.8720541883864711,4945.1,4721.950770823955
2020-12-17,0.873093708328282,4953.87,4716.628423867225
2020-12-18,0.8893350709176869,5017.48,4711.590750622749
2020-12-21,0.8837101466844467,4999.97,4710.680067344903
2020-12-22,0.8955964359316279,5046.84,4707.671132409572
2020-12-23,0.8781155291550492,4964.77,4700.96358108282
2020-12-24,0.8868165838283429,5007.12,4698.831643685102
2020-12-25,0.8806825069705421,5000.02,4696.963740181923
2020-12-28,0.8980088495575219,5042.01,4697.867218995094
2020-12-29,0.90664929082313,5064.41,4704.982893509865
2020-12-30,0.8965056370469145,5042.94,4717.158049378395
2020-12-31,0.9221148017941566,5113.71,4730.627282874584
2021-01-04,0.949527215420051,5211.29,4751.468241454362
2021-01-05,0.9595011516547459,5267.72,4778.529963207245
2021-01-06,1.0021335919505394,5368.499999999999,4813.319738972187
2021-01-07,1.0148260395199418,5417.67,4853.053335225582
2021-01-08,1.044496302582131,5513.659999999999,4897.583352514505
2021-01-11,1.0378136743847737,5495.429999999999,4940.396565343141
2021-01-12,1.0121317735483086,5441.159999999999,4975.293239786624
2021-01-13,1.0696417747605769,5596.35,5007.580535011291
2021-01-14,1.0535640683719238,5577.97,5046.553184022903
2021-01-15,1.0278579221723847,5470.459999999999,5076.524535927772
2021-01-18,1.0177870044853923,5458.079999999999,5098.342380974293
2021-01-19,1.0443993211298341,5518.52,5111.275368640422
2021-01-20,1.0183173718026426,5437.52,5117.938719602823
2021-01-21,1.034395078191296,5476.43,5121.991523054838
2021-01-22,1.0554339919990303,5564.97,5126.01862409234
2021-01-25,1.0559613286458962,5569.779999999999,5133.7344110429285
2021-01-26,1.0671081343193114,5625.919999999999,5137.280954815149
2021-01-27,1.03827736695357,5512.969999999999,5133.48770680666
2021-01-28,1.021487453024609,5527.999999999999,5124.931918218135
2021-01-29,1.0104558128257972,5377.14,5107.186348149776
2021-02-01,0.9931446235907383,5351.96,5083.255842516422
2021-02-02,1.0152230573402834,5417.649999999999,5061.109902254343
2021-02-03,1.0363165232149352,5501.09,5044.863639699221
2021-02-04,1.022581525033337,5485.2,5040.437177660465
2021-02-05,1.034922414838162,5473.949999999999,5035.262035441398
2021-02-08,1.0383895017577887,5483.409999999999,5035.461813299656
2021-02-09,1.062037822766396,5564.5599999999995,5039.068718802929
2021-02-10,1.1000757667596073,5686.249999999999,5045.92035942316
2021-02-18,1.1644441750515213,5807.72,5061.918944165706
2021-02-19,1.1074524184749666,5768.379999999999,5080.178951954841
2021-02-22,1.1230573402836708,5778.84,5102.243501237631
2021-02-23,1.049463571341981,5597.33,5119.958501009941
2021-02-24,1.064253242817311,5579.67,5135.456278100013
2021-02-25,1.0348527094193236,5437.569999999999,5132.979305258989
2021-02-26,0.9892199054430838,5469.56,5137.510329393148
2021-03-01,1.0029639956358345,5336.76,5129.081105724573
2021-03-02,1.0223693781064371,5418.78,5117.39526930809
2021-03-03,0.9842041459570857,5349.63,5095.622987632752
2021-03-04,1.002730634016244,5452.209999999999,5075.517858026027
2021-03-05,0.9431749302945812,5280.71,5051.32799166441
2021-03-08,0.9758516183779852,5262.8,5022.836475746632
2021-03-09,0.9050430355194569,5080.02,4979.658755948543
2021-03-10,0.8992574857558492,4971.0,4930.657881541252
2021-03-11,0.892438477391199,5003.61,4890.50720519781
2021-03-12,0.9315674627227543,5128.22,4855.861518726349
2021-03-15,0.9201872954297491,5146.38,4834.321921788453
2021-03-16,0.9014850284883015,5035.54,4810.382653968334
2021-03-17,0.9040186689295674,5079.36,4793.979450912475
2021-03-18,0.9197236028609529,5100.86,4778.034997012615
2021-03-19,0.9057643350709176,5141.77,4773.503583447933
2021-03-22,0.8875409140501876,5007.09,4760.626673777103
2021-03-23,0.9022881561401382,5057.15,4752.70740937829
2021-03-24,0.8805703721663231,5009.25,4740.151585173607
2021-03-25,0.8559219299309005,4928.69,4724.996506943702
2021-03-26,0.8710389138077342,4926.35,4709.966825342178
2021-03-29,0.9008334343556795,5037.99,4702.202554291486
2021-03-30,0.8980573402836708,5046.88,4702.106559667587
2021-03-31,0.911043762880349,5094.73,4706.547235920429
2021-04-01,0.9031609892108133,5048.36,4708.696892406941
2021-04-02,0.924348405867378,5110.78,4714.132953076362
2021-04-06,0.939135046672324,5161.56,4727.189195502996
2021-04-07,0.927927627591223,5140.34,4738.930720484256
2021-04-08,0.9087131773548308,5103.74,4746.674157001972
2021-04-09,0.9153139774518123,5112.21,4752.4926384449
2021-04-12,0.8931718996241967,5035.34,4754.924437345266
2021-04-13,0.8697842162686388,4947.75,4746.401945066452
2021-04-14,0.8685355800703113,4939.64,4736.838115569353
2021-04-15,0.8758758637410594,4980.63,4732.317800774574
2021-04-16,0.8749636319553883,4948.97,4723.431385672092
2021-04-19,0.8748151291065583,4966.18,4711.872114175558
2021-04-20,0.9049309007152381,5087.02,4702.708619256019
2021-04-21,0.9017365741301976,5083.37,4702.211316478252
2021-04-22,0.9196296520790398,5098.74,4706.197916741371
2021-04-23,0.9119165959510244,5089.24,4711.285047662258
2021-04-26,0.9324524184749666,5135.45,4717.623808283805
2021-04-27,0.9082222087525761,5077.24,4720.102338846922
2021-04-28,0.9074130197599709,5090.52,4725.906606075763
2021-04-29,0.9238725906170443,5119.24,4732.323058086633
2021-04-30,0.9323827130561279,5164.17,4746.023808028698
2021-05-06,0.9149381743241606,5123.49,4762.037191131115
2021-05-07,0.9072584555703721,5061.12,4770.803272202014
2021-05-10,0.8854315674627226,4996.05,4773.50319401741
2021-05-11,0.8716844465995878,4992.42,4775.795771505833
2021-05-12,0.8861528670141835,5023.06,4770.50652614355
2021-05-13,0.8826766880834042,5044.55,4763.389293906688
2021-05-14,0.8873075524305977,4992.97,4754.694868052005
2021-05-17,0.9199418111286218,5110.59,4745.590371856689
2021-05-18,0.9428597405746152,5184.99,4747.961614310741
2021-05-19,0.9374772699721178,5187.6,4756.054954153299
2021-05-20,0.935622499696933,5172.27,4768.317926604747
2021-05-21,0.945344890289732,5186.41,4781.940011581182
2021-05-24,0.9270638865317008,5134.15,4787.041746146679
2021-05-25,0.9350133349496909,5155.59,4790.778916159868
2021-05-26,0.983831373499818,5318.48,4798.637429397106
2021-05-27,0.9793611346829917,5320.59,4824.489385230541
2021-05-28,0.9876530488544063,5338.23,4850.189073729515
2021-05-31,0.9813947145108498,5321.09,4878.066652427911
2021-06-01,0.982119044732695,5331.57,4905.630350124836
2021-06-02,0.9905655230937084,5341.68,4927.400100501775
2021-06-03,0.9715844344769063,5289.97,4942.522661283016
2021-06-04,0.9541792944599344,5255.29,4951.8680202567575
2021-06-07,0.9713359195053947,5282.28,4950.390910283327
2021-06-08,0.9689356285610377,5277.63,4951.130828276872
2021-06-09,0.9531700812219662,5232.12,4939.977927531004
2021-06-10,0.9566614135046673,5236.45,4933.829014289379
2021-06-11,0.9685658867741543,5271.47,4929.752066144943
2021-06-15,0.9512334828464056,5224.7,4927.768112345933
2021-06-16,0.934470844950903,5166.56,4908.808882052898
2021-06-17,0.9075372772457267,5080.49,4879.278949645757
2021-06-18,0.9167959752697298,5101.89,4850.786849582195
2021-06-21,0.911692326342587,5102.47,4825.0176477348805
2021-06-22,0.9171414716935385,5090.39,4801.361690620183
2021-06-23,0.9235422475451568,5122.16,4785.525303690433
2021-06-24,0.9324433264638138,5147.39,4775.608065993785
2021-06-25,0.9334252636683235,5155.97,4773.016990009546
2021-06-28,0.9618559825433385,5239.97,4775.308983352184
2021-06-29,0.9603133713177355,5251.76,4787.830148240328
2021-06-30,0.9423899866650504,5190.54,4796.875645711421
2021-07-01,0.9580949205964359,5224.04,4807.248906550407
2021-07-02,0.9415656443205237,5229.66,4815.421884934902
2021-07-05,0.9073554370226692,5081.12,4810.808496245146
2021-07-06,0.9122045096375316,5085.79,4808.245264543295
2021-07-07,0.9008819250818282,5083.1,4806.415525231361
2021-07-08,0.9302460904352045,5140.49,4803.501416628361
2021-07-09,0.90413383440417,5088.26,4801.992762782574
2021-07-12,0.9178415565523094,5069.44,4798.621657460928
2021-07-13,0.9239726027397258,5132.71,4799.55726429224
2021-07-14,0.9246211662019638,5142.1,4806.4110467803475
2021-07-15,0.9071978421626864,5083.08,4812.237511548996
2021-07-16,0.927697296642017,5151.46,4813.36023974657
2021-07-19,0.9103709540550368,5094.77,4813.938738788366
2021-07-20,0.9093071887501515,5113.49,4810.804796655178
2021-07-21,0.9222057219056855,5108.99,4806.3294610857965
2021-07-22,0.9305734028367075,5144.04,4809.252916021347
2021-07-23,0.9290701903261002,5151.75,4823.062706509828
2021-07-26,0.9053945932840345,5089.23,4833.140779012441
2021-07-27,0.8620469147775486,4925.3,4819.584702509642
2021-07-28,0.7984058673778639,4751.31,4789.162000628709
2021-07-29,0.8382500909201115,4760.48,4751.976837717294
2021-07-30,0.8321705661292277,4850.27,4724.411971728801
2021-08-02,0.8228118559825431,4811.17,4698.368610793352
2021-08-03,0.8574857558491936,4933.74,4674.598161104917
2021-08-04,0.8630955267305126,4934.46,4664.873302086591
2021-08-05,0.8686810522487575,4978.85,4660.9016948986055
2021-08-06,0.867732452418475,4948.67,4659.225391212702
2021-08-09,0.8517365741301975,4921.56,4658.72224697709
2021-08-10,0.878273124015032,4985.56,4657.376180374622
2021-08-11,0.8962328767123288,5043.15,4659.762415903806
2021-08-12,0.8844102315432173,5015.34,4668.710945174694
2021-08-13,0.8724966662625774,4973.35,4677.838612486124
2021-08-16,0.8655746151048612,4945.98,4685.721659846306
2021-08-17,0.8652957934295066,4941.07,4700.3081695127485
2021-08-18,0.8360407322099649,4837.4,4700.32841989994
2021-08-19,0.8506152260880108,4894.24,4700.398712109327
2021-08-20,0.8296823857437264,4862.14,4703.505199390649
2021-08-23,0.8176324402957932,4769.27,4688.0925128698345
2021-08-24,0.8378955024851497,4835.88,4672.941134229898
2021-08-25,0.8518153715601892,4888.39,4664.323036757707
2021-08-26,0.8523245241847496,4898.16,4665.070548646449
2021-08-27,0.8228573160383078,4801.61,4658.112593493462
2021-08-30,0.8386349860589161,4827.04,4649.63722230792
2021-08-31,0.8253182203903503,4813.27,4642.5404351735115
2021-09-01,0.8258031276518364,4805.61,4634.943424532413
2021-09-02,0.8443296157109951,4869.46,4634.718723120689
2021-09-03,0.8471329858164626,4869.41,4645.178048105239
2021-09-06,0.8368256758394957,4843.06,4657.197431764603
2021-09-07,0.86468359801188,4933.73,4669.718596652746
2021-09-08,0.8809946660201237,4992.83,4686.11985255599
2021-09-09,0.8705964359316279,4972.13,4709.827993360757
2021-09-10,0.8752909443568916,4970.01,4740.164241665601
2021-09-13,0.8870469147775489,5013.52,4768.8132822299
2021-09-14,0.8819129591465632,4991.66,4791.637805178165
2021-09-15,0.8558552551824464,4917.16,4801.117128251791
2021-09-16,0.8446235907382712,4867.32,4801.959077042341
2021-09-17,0.8235058795005453,4807.7,4793.206431324482
2021-09-22,0.815510971026791,4855.94,4780.523847484588
2021-09-23,0.8389956358346468,4821.77,4763.747375272512
2021-09-24,0.8382137228755001,4853.2,4754.15375434041
2021-09-27,0.8458540429142928,4849.43,4742.662243754863
2021-09-28,0.8453176142562734,4877.37,4733.68489662528
2021-09-29,0.8383288883501031,4883.83,4722.365709046125
2021-09-30,0.837701539580555,4833.93,4704.934604125023
2021-10-08,0.8594556915989816,4866.38,4692.661117049455
2021-10-11,0.8672020851012244,4929.94,4686.5028574752805
2021-10-12,0.8609498120984361,4936.19,4681.620567009449
2021-10-13,0.8486695357012971,4883.84,4672.024609494209
2021-10-14,0.8650715238210692,4940.11,4666.590495977402
2021-10-15,0.8536458964722998,4913.61,4666.184514657259
2021-10-18,0.8615104861195296,4932.11,4670.057206492424
2021-10-19,0.8454115650381865,4874.78,4667.515977615118
2021-10-20,0.8628015517032369,4922.72,4669.245633282661
2021-10-21,0.8591556552309371,4910.18,4672.441300153732
2021-10-22,0.8652563947145108,4928.02,4676.901253217458
2021-10-25,0.867083888956237,4959.73,4682.6439904236795
2021-10-26,0.8799157473633167,4979.52,4689.633489449024
2021-10-27,0.8696084373863496,4963.1,4698.619598765373
2021-10-28,0.8494120499454479,4898.16,4699.951061723232
2021-10-29,0.8429506606861438,4864.14,4696.618510023355
2021-11-01,0.848060370954055,4908.77,4693.367933448553
2021-11-02,0.8505000606134078,4890.69,4691.949627484083
2021-11-03,0.8352345738877441,4839.85,4679.804652481079
2021-11-04,0.8368347678506486,4821.11,4666.524682219028
2021-11-05,0.842232391805067,4868.74,4658.348198959827
2021-11-08,0.836852951872954,4842.35,4652.642262938022
2021-11-09,0.8420353982300884,4848.18,4646.913739945889
2021-11-10,0.834322342102073,4846.74,4639.53558925867
2021-11-11,0.8288580433992,4821.19,4626.535619542598
2021-11-12,0.8555764335070918,4898.65,4617.760192139149
2021-11-15,0.8529943023396774,4888.37,4615.909423578977
2021-11-16,0.8488998666505029,4882.38,4615.639742941856
2021-11-17,0.849612074190811,4883.32,4619.933993318081
2021-11-18,0.846026791126197,4885.75,4629.047056984901
2021-11-19,0.8340980724936357,4837.62,4630.230536344051
2021-11-22,0.853291308037338,4890.06,4631.450232741832
2021-11-23,0.8564341132258456,4912.4,4643.778824236393
2021-11-24,0.8589404776336526,4913.35,4660.35259786129
2021-11-25,0.860025457631228,4916.66,4673.8708996033665
2021-11-26,0.8507334222329977,4896.44,4686.0429400277135
2021-11-29,0.8304461146805674,4860.13,4690.725452635288
2021-11-30,0.8417111164989696,4851.42,4690.681057555676
2021-12-01,0.8340465510971028,4832.03,4685.1020758843415
2021-12-02,0.8364771487453023,4843.85,4680.278589427471
2021-12-03,0.8416505030912836,4856.16,4676.10759381175
2021-12-06,0.8575463692568798,4901.02,4674.553376594781
2021-12-07,0.864032003879258,4892.62,4674.45855026245
2021-12-08,0.8651169838768334,4922.1,4680.339145873785
2021-12-09,0.885204267183901,4995.93,4690.642309218645
2021-12-10,0.8990180627954903,5078.69,4708.241258695125
2021-12-13,0.9122772457267548,5055.12,4738.29867474556
2021-12-14,0.9051036489271428,5083.8,4767.047020093202
2021-12-15,0.8959904230815855,5049.7,4791.150627593994
2021-12-16,0.8869984240514001,5005.9,4804.435465737581
2021-12-17,0.8914626015274579,5034.73,4814.893622430563
2021-12-20,0.8652867014183537,4954.76,4814.406444846391
2021-12-21,0.8475694023518002,4880.42,4802.414126608372
2021-12-22,0.8621378348890775,4913.49,4790.514103404284
2021-12-23,0.862049945447933,4914.45,4779.767768124341
2021-12-24,0.8707691841435327,4948.74,4768.587607241869
2021-12-27,0.8601891138319794,4921.34,4754.675591241121
2021-12-28,0.8618681052248757,4919.32,4740.0339771556855
2021-12-29,0.87246332888835,4955.96,4726.627052543163
2021-12-30,0.8492817311189235,4883.48,4703.664865905046
2021-12-31,0.8660413383440416,4921.51,4686.124136291742
2022-01-04,0.8722602739726025,4940.37,4676.710821691751
2022-01-05,0.8570917686992364,4917.77,4665.387545092106
2022-01-06,0.8371590495817675,4868.12,4656.212561972141
2022-01-07,0.8317523336161957,4818.23,4642.545497770309
2022-01-10,0.8280882531215904,4822.37,4636.853970677852
2022-01-11,0.8365074554491453,4844.05,4632.955381712914
2022-01-12,0.830106679597527,4797.77,4625.359344648123
2022-01-13,0.8404533882894895,4845.58,4622.895223014354
2022-01-14,0.8073827130561279,4765.92,4611.1758955729
2022-01-17,0.8027912474239302,4726.73,4600.526333777904
2022-01-18,0.8143138562249969,4767.28,4590.049873850346
2022-01-19,0.829173233119166,4813.35,4580.3353347408765
2022-01-20,0.8177930658261608,4780.38,4571.773509979248
2022-01-21,0.8270396411686266,4823.51,4567.733557734489
2022-01-24,0.8104224754515698,4779.31,4563.34136558175
2022-01-25,0.8128500424293853,4786.74,4558.848700354099
2022-01-26,0.7931961449872712,4678.45,4546.62973355174
2022-01-27,0.7965298824099892,4712.31,4535.411992623805
2022-01-28,0.7764395684325375,4619.88,4518.098106290102
2022-02-07,0.7754606618984118,4563.77,4495.197060244083
2022-02-08,0.771781428051885,4634.09,4480.876531624794
2022-02-09,0.7662383319190204,4608.77,4462.989792991876
2022-02-10,0.7811068008243424,4652.06,4453.389162310362
2022-02-11,0.7691841435325494,4639.86,4449.875135986805
2022-02-14,0.7575312159049582,4601.4,4444.859660282134
2022-02-15,0.7497696690507941,4551.69,4435.352687641382
2022-02-16,0.7697842162686387,4600.1,4428.274009026289
2022-02-17,0.7688901685052733,4617.99,4424.221789720058
2022-02-18,0.765153351921445,4629.16,4422.343176877498
2022-02-21,0.7777245726754759,4651.24,4420.5155794334405
2022-02-22,0.7643502242696084,4634.31,4424.713445755243
2022-02-23,0.758316159534489,4574.15,4423.582734231949
2022-02-24,0.7613650139410836,4623.05,4427.064827252626
2022-02-25,0.7530488544065949,4529.32,4423.442928674221
2022-02-28,0.7527791247423928,4573.42,4423.174805759191
2022-03-01,0.7631197720935871,4581.65,4423.3761413395405
2022-03-02,0.7619559946660203,4619.69,4426.328998279571
2022-03-03,0.7622590617044492,4578.6,4428.10071244359
2022-03-04,0.737510607346345,4551.63,4427.690836818218
2022-03-07,0.7221026791126198,4496.43,4422.092188905477
2022-03-08,0.6915292762759123,4352.78,4400.498071694374
2022-03-09,0.667083888956237,4265.39,4367.851526812315
2022-03-10,0.680788580433992,4226.35,4321.386818685532
2022-03-11,0.6519972117832463,4292.84,4288.723723006248
2022-03-14,0.6571341980846163,4306.52,4253.224404828548
2022-03-15,0.6199599951509273,4174.76,4217.354543508291
2022-03-16,0.5980209722390591,3983.81,4171.000044219493
2022-03-17,0.6539580555218815,4156.08,4128.192867563963
2022-03-18,0.6481391683840466,4237.7,4104.420470722914
2022-03-21,0.666829312643957,4265.9,4089.4601077544685
2022-03-22,0.658473754394472,4258.75,4082.1343354725836
2022-03-23,0.6636380167293005,4255.3,4082.298285722732
2022-03-24,0.657552430597648,4276.52,4087.6720375084874
2022-03-25,0.6574130197599709,4251.31,4092.779029386043
2022-03-28,0.6209752697296643,4174.57,4093.631298085451
2022-03-29,0.6290307916111043,4148.47,4090.1009156799314
2022-03-30,0.6310764941204995,4134.14,4086.7763473057744
2022-03-31,0.6530640077585163,4254.1,4085.3407116830344
2022-04-01,0.6421839010789187,4222.6,4091.357218546867
2022-04-06,0.660370954055037,4276.16,4097.536312654018
2022-04-07,0.6546702630621896,4263.84,4114.9313952517505
2022-04-08,0.6465450357619106,4209.1,4124.487630853652
2022-04-11,0.6436901442599102,4230.77,4130.585528696775
2022-04-12,0.6131349254455086,4100.07,4122.415471041202
2022-04-13,0.6287246939022911,4179.97,4112.322016032934
2022-04-14,0.6342496060128501,4139.74,4103.449425714016
2022-04-15,0.6311371075281852,4191.57,4096.840789740086
2022-04-18,0.6282761546854164,4188.75,4091.975828932523
2022-04-19,0.6310037580312765,4166.38,4088.9776033365724
2022-04-20,0.6214904836949934,4134.9,4083.5429056739804
2022-04-21,0.5966965692811249,4070.7900000000004,4073.7644999587533
2022-04-22,0.5719875136380167,3995.8300000000004,4052.8655162310597
2022-04-25,0.5617590010910413,4013.25,4030.403553099632
2022-04-26,0.5281306825069706,3814.91,3994.717892416715
2022-04-27,0.508610134561765,3784.12,3955.7109735190866
2022-04-28,0.5465965571584436,3895.5400000000004,3919.642113201618
2022-04-29,0.5636289247181475,3921.11,3893.996944975853
2022-05-05,0.5805188507697902,4016.24,3879.19430136919
2022-05-06,0.5603648927142685,4010.21,3875.574739373922
2022-05-09,0.5467571826888108,3908.82,3873.5021901309487
2022-05-10,0.5275669778154929,3877.4400000000005,3866.7558904671664
2022-05-11,0.5570554006546248,3919.8699999999994,3855.9949515426156
2022-05-12,0.5667596072251181,3976.4199999999996,3850.3417833566664
2022-05-13,0.5770244878167051,3958.74,3850.731213879585
2022-05-16,0.5864741180749181,3988.6000000000004,3857.009223339557
2022-05-17,0.5703388289489636,3956.5399999999995,3863.413603004217
2022-05-18,0.5864771487453025,4005.89,3872.9295325469966
2022-05-19,0.5632288762274215,3991.91,3886.7054425799843
2022-05-20,0.5882379682385744,3999.6000000000004,3899.977429516315
2022-05-23,0.6064674506000726,4077.6000000000004,3917.535878218412
2022-05-24,0.5979512668202206,4053.98,3935.180391066074
2022-05-25,0.5697357255424901,3959.15,3940.8921685457226
2022-05-26,0.5781943265850406,3983.1799999999994,3946.1183261632914
2022-05-27,0.588810764941205,3993.04,3948.6422253823275
2022-05-30,0.5882500909201115,4001.3,3950.4811163115496
2022-05-31,0.5915535216389866,4029.0200000000004,3955.1527248644825
2022-06-01,0.608179779367196,4091.52,3959.626307996511
2022-06-02,0.6013244029579342,4083.18,3969.9606257832047
2022-06-06,0.6093647714874532,4089.57,3982.0444601941103
2022-06-07,0.632143290095769,4166.09,3994.0404780220983
2022-06-08,0.6386471087404534,4179.13,4012.5956741476057
2022-06-09,0.6460934658746514,4219.81,4032.5058937776084
2022-06-10,0.6260698266456538,4175.67,4050.977167625427
2022-06-13,0.6408625287913686,4238.99,4069.125798285007
2022-06-14,0.6253333737422718,4189.35,4086.2198510885237
2022-06-15,0.6511152867014184,4222.31,4098.759513926506
2022-06-16,0.667417262698509,4278.22,4121.408987854719
2022-06-17,0.6483694993332524,4250.06,4144.041910985708
2022-06-20,0.6797672445144866,4309.04,4159.572205524444
2022-06-21,0.6813098557400897,4330.43,4177.156746071577
2022-06-22,0.6825160625530365,4325.57,4192.906679425239
2022-06-23,0.6661686265001819,4270.62,4203.857855160236
2022-06-24,0.6893805309734514,4343.88,4212.713310536145
2022-06-27,0.707497878530731,4394.77,4225.385185036659
2022-06-28,0.7160595223663474,4444.26,4242.308472555876
2022-06-29,0.7251969935749786,4490.52,4258.092286365032
2022-06-30,0.708631349254455,4421.36,4272.508809608221
2022-07-01,0.7302854891502001,4485.01,4283.506132860183
2022-07-04,0.7174657534246577,4466.72,4297.68744006753
2022-07-05,0.7351163777427566,4496.03,4309.9800092387195
2022-07-06,0.7260304279306581,4489.54,4318.643085936307
2022-07-07,0.7108164626015273,4423.97,4321.332687842845
2022-07-08,0.7237816705055159,4443.47,4320.9940780031675
2022-07-11,0.7050187901563824,4428.78,4319.522809487581
2022-07-12,0.6888047036004362,4354.62,4311.4485517406465
2022-07-13,0.6768971996605647,4313.62,4299.646470313072
2022-07-14,0.6755212753060976,4321.46,4285.838432261943
2022-07-15,0.6726875984967876,4322.07,4270.836984373331
2022-07-18,0.6613771366226208,4248.53,4247.898747712374
2022-07-19,0.6693447690629165,4292.59,4223.87224745512
2022-07-20,0.6702054794520548,4269.34,4203.6164082360265
2022-07-21,0.663865317008122,4283.8,4186.828642538786
2022-07-22,0.6582373621044976,4236.06,4170.043213424682
2022-07-25,0.6528245847981574,4238.23,4150.288960719108
2022-07-26,0.6486301369863013,4212.64,4133.604588825702
2022-07-27,0.6534973936234695,4245.98,4121.508876783848
2022-07-28,0.6553521638986545,4225.04,4113.627581861018
2022-07-29,0.6505485513395562,4225.67,4107.095079554319
2022-08-01,0.6306158322220875,4170.1,4096.674113476276
2022-08-02,0.6256849315068495,4188.68,4087.9421075761315
2022-08-03,0.6167293005212754,4107.02,4075.85087398529
2022-08-04,0.6090344284155654,4066.98,4059.1859736180304
2022-08-05,0.615153351921445,4101.54,4048.026841983795
2022-08-08,0.6249969693296157,4156.91,4039.9245452392097
2022-08-09,0.6254697539095647,4148.07,4041.7387073302266
2022-08-10,0.627148745302461,4156.29,4045.2171007609363
2022-08-11,0.6215510971026791,4109.74,4042.5639106082913
2022-08-12,0.6381228027639715,4193.54,4043.0205178964134
2022-08-15,0.6364801794156868,4191.15,4052.182065663337
2022-08-16,0.6396714753303431,4185.68,4060.416768785715
2022-08-17,0.637259061704449,4177.84,4068.609023981094
2022-08-18,0.6442962783367682,4216.96,4075.4115963554377
2022-08-19,0.6348284640562493,4180.1,4083.9214321422573
2022-08-22,0.6228906534125348,4151.07,4090.992322146892
2022-08-23,0.6351254697539094,4181.4,4098.528581626415
2022-08-24,0.6330191538368287,4161.08,4106.232296230793
2022-08-25,0.6102012365135169,4082.42,4101.286528589725
2022-08-26,0.6206631106800825,4116.24,4092.999641777277
2022-08-29,0.6012880349133228,4107.55,4086.208947033882
2022-08-30,0.6087586374105952,4089.52,4078.309348876476
2022-08-31,0.5992453630743121,4075.79,4068.941792362928
2022-09-01,0.6019881197720937,4078.8399999999997,4054.37728552103
2022-09-02,0.5985483088859257,4043.7399999999993,4037.8958069300647
2022-09-05,0.5850830403685295,4023.6100000000006,4019.3168555426596
2022-09-06,0.5893441629288397,4015.43,4002.844723284244
2022-09-07,0.5918444659958783,4052.28,3988.8596890604495
2022-09-08,0.5998605891623227,4054.98,3979.3675147795675
2022-09-09,0.5972602739726028,4037.68,3974.375989052057
2022-09-13,0.6158746514729058,4093.7899999999995,3972.1017147982116
2022-09-14,0.5995181234088981,4111.11,3978.154633415937
2022-09-15,0.6057643350709178,4065.36,3984.405577454567
2022-09-16,0.5860437628803491,4027.12,3982.059842699766
2022-09-19,0.560234573887744,3932.68,3971.6700310635565
2022-09-20,0.565456418959874,3928.0,3959.587754374742
2022-09-21,0.5580827979148989,3932.84,3947.950986204147
2022-09-22,0.5440992847617893,3903.73,3933.8317931652064
2022-09-23,0.5410443690144259,3869.3399999999997,3917.5033607697483
2022-09-26,0.5302854891501999,3856.02,3898.559123551845
2022-09-27,0.5346708691962662,3836.6799999999994,3878.0452866113183
2022-09-28,0.5453903503454965,3892.2999999999997,3859.671175678968
2022-09-29,0.5408079767244515,3828.71,3842.097539186477
2022-09-30,0.5314219905443084,3827.1399999999994,3824.9470189571375
2022-10-10,0.523302824584798,3804.8899999999994,3806.704924972057
2022-10-11,0.500712207540308,3720.94,3782.1003151035306
2022-10-12,0.49793914413868345,3727.69,3761.1493424010273
2022-10-13,0.5081070432779732,3784.3100000000004,3740.0324722957607
2022-10-14,0.5162595466117105,3752.67,3728.511170275211
2022-10-17,0.5280549157473632,3842.4699999999993,3724.347573839426
2022-10-18,0.541265607952479,3846.41,3728.512922712564
2022-10-19,0.5296399563583464,3838.27,3737.8475723469255
2022-10-20,0.5051248636198328,3776.5300000000007,3743.0085003519057
2022-10-21,0.507340283670748,3754.93,3742.9713097369668
2022-10-24,0.49946963268274935,3742.8899999999994,3741.764853976965
2022-10-25,0.4673505879500547,3633.3699999999994,3726.5873834919926
2022-10-26,0.47079646017699106,3627.4500000000003,3709.232606953382
2022-10-27,0.48120681294702383,3656.9,3693.933828860521
2022-10-28,0.4622651230452176,3631.14,3680.7508267986773
2022-10-31,0.43176142562734887,3541.3299999999995,3662.2043928599355
2022-11-01,0.4364013819856952,3508.7000000000003,3643.008194093704
2022-11-02,0.4668747726997212,3634.1699999999996,3626.099120788574
2022-11-03,0.47435749787853065,3677.81,3616.2000889688725
2022-11-04,0.47487574251424414,3647.9,3611.088715997934
2022-11-07,0.5075312159049582,3767.17,3609.9794231534
2022-11-08,0.5133319190204874,3775.3,3619.811180850267
2022-11-09,0.5063977451812341,3749.33,3632.5465325260157
2022-11-10,0.4867135410352771,3714.27,3645.0067515373225
2022-11-11,0.5176051642623348,3685.69,3655.569178252816
2022-11-14,0.5268123408898048,3788.4400000000005,3671.4512259113785
2022-11-15,0.5179597526972967,3794.02,3690.636910053491
2022-11-16,0.539744211419566,3865.97,3708.7458187997336
2022-11-17,0.5277609407200873,3834.39,3728.6924501836297
2022-11-18,0.5285337616680811,3818.66,3746.846922301054
2022-11-21,0.5121105588556188,3801.5699999999997,3764.487346128225
2022-11-22,0.5110346708691963,3769.13,3774.550036125183
2022-11-23,0.5092586980240029,3769.57,3779.6776678204533
2022-11-24,0.5187507576675962,3773.5299999999997,3785.758236005306
2022-11-25,0.5065492787004485,3756.81,3780.5246792078015
2022-11-28,0.49158382834282943,3775.78,3776.010400586128
2022-11-29,0.5111831737180265,3733.2400000000002,3766.3895195174214
2022-11-30,0.5323948357376652,3848.4199999999996,3764.0139933276173
2022-12-01,0.5580767365741303,3853.04,3773.2590739417074
2022-12-02,0.5474996969329616,3894.77,3786.679823337793
2022-12-05,0.5539368408291915,3870.95,3800.774287538528
2022-12-06,0.5604133834404171,3946.88,3820.5038114058966
2022-12-07,0.5687962177233604,3968.2,3839.1538338637347
2022-12-08,0.567744575100012,3958.44,3857.1585699450966
2022-12-09,0.5704085343678021,3959.1800000000003,3876.4791917634006
2022-12-12,0.5747060249727239,3998.2399999999993,3895.4343330359457
2022-12-13,0.5678506485634623,3953.4400000000005,3912.460235497951
2022-12-14,0.5676203176142564,3945.68,3926.7721966457366
2022-12-15,0.5681900836465027,3954.89,3934.037996627092
2022-12-16,0.5610861922657292,3951.9899999999993,3936.5509917914865
2022-12-19,0.5676142562734877,3954.23,3940.5619314622877
2022-12-20,0.5459328403442841,3893.22,3929.2057479834552
2022-12-21,0.5331343193114316,3829.02,3908.118474597931
2022-12-22,0.5392562734876954,3830.5400000000004,3886.4918399381636
2022-12-23,0.5248363437992484,3836.03,3862.6902358078955
2022-12-26,0.530579464177476,3828.22,3836.2903512287135
2022-12-27,0.5397745181234089,3843.4899999999993,3815.0835226726526
2022-12-28,0.5440174566614134,3887.85,3801.443718607425
2022-12-29,0.5377530609770881,3871.26,3793.1766927516455
2022-12-30,0.5437234816341375,3856.7,3785.6491954588887
2023-01-03,0.5409655715844345,3871.6300000000006,3788.052760646343
2023-01-04,0.5474542368771972,3887.9,3788.048866341114
2023-01-05,0.5557097830040004,3892.95,3792.899223504066
2023-01-06,0.5726997211783248,3968.58,3802.176042705774
2023-01-09,0.5814826039519941,3980.89,3818.7673407042025
2023-01-10,0.5863862286337739,4013.12,3843.7325632369516
2023-01-11,0.5879530852224512,4017.47,3875.2452811515327
2023-01-12,0.5885198205843133,4010.0299999999997,3903.9260603034495
2023-01-13,0.5917141471693538,4017.87,3931.1972956776617
2023-01-16,0.6055309734513276,4074.3799999999997,3953.8568947994704
2023-01-17,0.6240059401139532,4137.96,3973.147919898033
2023-01-18,0.6243878045823738,4137.24,3996.321372594833
2023-01-19,0.619987271184386,4130.31,4021.06345143795
2023-01-20,0.6324918171899624,4156.01,4039.426658315658
2023-01-30,0.6630349133228269,4181.53,4063.533186545372
2023-01-31,0.6427172990665534,4201.35,4085.331170635223
2023-02-01,0.6334889077463935,4156.86,4098.092808871269
2023-02-02,0.6447872469390229,4195.93,4107.678641192912
2023-02-03,0.6310340647351192,4181.15,4117.309258024692
2023-02-06,0.6133955630985574,4141.63,4114.887194887399
2023-02-07,0.6117226330464299,4086.88,4105.574937508106
2023-02-08,0.6121923869559945,4094.23,4094.6619259643553
2023-02-09,0.6024033216147412,4076.14,4079.5913541579243
2023-02-10,0.6195387319675113,4130.86,4064.357416247129
2023-02-13,0.6118953812583344,4106.31,4051.8596171903605
2023-02-14,0.6277670020608558,4143.57,4042.2850783538815
2023-02-15,0.6264335070917687,4145.29,4040.8981215465064
2023-02-16,0.6199357497878529,4123.69,4039.7442389070984
2023-02-17,0.6080585525518244,4093.49,4032.0430556011197
2023-02-20,0.5940386713541036,4034.51,4019.3341852009294
2023-02-21,0.6213450115165476,4133.49,4012.210527360439
2023-02-22,0.6179839980603711,4144.35,4015.598767625093
2023-02-23,0.6141168626500183,4106.95,4019.9438386845586
2023-02-24,0.6125348527094193,4103.65,4023.1576140749453
2023-02-27,0.594190204873318,4061.0499999999997,4022.2845108425613
2023-02-28,0.5995453994423566,4043.8400000000006,4021.239084603786
2023-03-01,0.602757910049703,4069.4600000000005,4019.543504106998
2023-03-02,0.6182931264395685,4126.94,4019.3030307590957
2023-03-03,0.6201206206812949,4117.74,4029.260379799604
2023-03-06,0.6216753545884349,4130.55,4040.30482414484
2023-03-07,0.6133379803612561,4109.01,4048.978026036024
2023-03-08,0.591244393259789,4048.8500000000004,4051.006569629907
2023-03-09,0.5927900351557766,4034.11,4053.246379282474
2023-03-10,0.5794429627833678,4019.8499999999995,4051.360756690502
2023-03-13,0.570605527942781,3967.14,4039.599565467834
2023-03-14,0.5818917444538733,4008.69,4026.897510101795
2023-03-15,0.585516426233483,3984.7,4012.673170821666
2023-03-16,0.5692599102921566,3986.9,4002.8659472477434
2023-03-17,0.5731876591101951,3939.1499999999996,3991.5473438143727
2023-03-20,0.5706115892835494,3958.82,3981.8437087595457
2023-03-21,0.5662171172263305,3939.0799999999995,3973.895431786775
2023-03-22,0.5800430355194569,3982.38,3967.828493670225
2023-03-23,0.5776821432900957,3999.44,3966.945265244245
2023-03-24,0.5925839495696447,4039.0899999999997,3966.9448758137223
2023-03-27,0.5889895744938781,4027.05,3975.3828616690635
2023-03-28,0.5866862650018184,4012.48,3984.340931987762
2023-03-29,0.5860467935507335,3999.51,3992.5150786638255
2023-03-30,0.584825433385865,4006.1399999999994,4002.020104151964
2023-03-31,0.5957025093950782,4038.53,4010.2088544726366
2023-04-03,0.5999969693296158,4050.9299999999994,4022.2196706604955
2023-04-04,0.6089889683598012,4090.57,4038.4069344913955
2023-04-06,0.6074251424415081,4103.11,4060.3246684670444
2023-04-07,0.6112953085222451,4096.64,4086.0753723645207
2023-04-10,0.6219359922414839,4123.28,4106.245147438049
2023-04-11,0.6148139168384047,4104.81,4124.922819463014
2023-04-12,0.6129621772336039,4100.15,4138.978924757242
2023-04-13,0.6065947387562128,4097.29,4155.816342846155
2023-04-14,0.6058613165232148,4068.98,4160.097547299862
2023-04-17,0.6092253606497758,4092.0000000000005,4163.133352941274
2023-04-18,0.6241483816220149,4149.38,4164.348765603304
2023-04-19,0.6302339677536671,4162.03,4171.102269731759
2023-04-20,0.6191902048733179,4124.56,4173.16372020483
2023-04-21,0.6165565523093709,4113.02,4172.942523667812
2023-04-24,0.5914141108013092,4032.5700000000006,4158.615374729633
2023-04-25,0.5774154442962783,3982.64,4133.359247596263
2023-04-26,0.5668535580070312,3962.6700000000005,4101.474818247556
2023-04-27,0.5661777185113347,3959.2300000000005,4070.2060785555836
2023-04-28,0.5798854406594739,3988.4199999999996,4040.003404920101
2023-05-04,0.5860104255061219,4029.09,4023.103288516998
2023-05-05,0.5913504667232393,4030.25,4015.4626616573332
2023-05-08,0.590447326948721,4016.88,4010.2803149735923
2023-05-09,0.6017608194932719,4062.66,4013.4243823003767
2023-05-10,0.5873651351678991,4027.88,4020.510460095405
2023-05-11,0.5836798399806037,3996.8699999999994,4025.065628921985
2023-05-12,0.5782216026184993,3990.6600000000003,4023.083232845068
2023-05-15,0.5633895017577889,3937.7600000000007,4010.1179224455354
2023-05-16,0.5826918414353256,3998.8900000000003,3998.9352302646635
2023-05-17,0.5733513153109467,3978.21,3992.691101260185
2023-05-18,0.5714783610134563,3960.17,3987.8623574912544
2023-05-19,0.5656291671717782,3956.07,3983.468218185901
2023-05-22,0.5640471572311795,3944.5399999999995,3978.5571098613736
2023-05-23,0.5722996726875985,3969.33,3972.1342322468754
2023-05-24,0.5527670020608558,3913.19,3959.4049167442317
2023-05-25,0.5368953812583342,3859.0899999999997,3943.7283910441397
2023-05-26,0.535989210813432,3850.5,3926.106075736284
2023-05-29,0.5401291065583708,3850.95,3904.891653285026
2023-05-30,0.5297369378106437,3833.94,3884.305771697759
2023-05-31,0.5295460055764335,3837.7500000000005,3864.8665682852265
2023-06-01,0.5178567099042309,3798.54,3846.381274938583
2023-06-02,0.5278670141835374,3806.8700000000003,3831.8161839509007
2023-06-05,0.5396684446599588,3861.83,3821.568709170818
2023-06-06,0.5335767971875379,3844.2500000000005,3817.1808007538316
2023-06-07,0.526006182567584,3808.16,3809.674137994051
2023-06-08,0.5186113468299188,3789.34,3801.1763745534417
2023-06-09,0.5281064371438963,3820.19,3794.3617298328872
2023-06-12,0.5295975269729664,3836.6999999999994,3794.852022861242
2023-06-13,0.5328706509879987,3844.43,3797.5934190273283
2023-06-14,0.5433537398472542,3864.91,3806.4270662939543
2023-06-15,0.5430658261607467,3864.02,3819.508621704578
2023-06-16,0.5613831979633895,3925.5,3834.365980299711
2023-06-19,0.5689053218571948,3963.3499999999995,3855.103350360393
2023-06-20,0.5595284276882048,3930.91,3875.748230671882
2023-06-21,0.5543793187052976,3924.2400000000002,3900.8333978056903
2023-06-26,0.5314492665777669,3864.03,3909.975279331207
2023-06-27,0.5248575584919385,3809.7,3908.2298517274853
2023-06-28,0.5324099890895867,3845.43,3902.086585228443
2023-06-29,0.5324463571341981,3840.8,3894.2835658407207
2023-06-30,0.5262637895502486,3821.84,3888.995683485269
2023-07-03,0.5374651472905806,3842.4500000000003,3878.8480976343153
2023-07-04,0.5479936962056008,3892.8800000000006,3872.6357072174546
2023-07-05,0.5501636562007516,3899.01,3874.622387030124
2023-07-06,0.5385986180143049,3868.81,3872.587223117351
2023-07-07,0.5308916232270579,3842.75,3866.248657211065
2023-07-10,0.5339101709298096,3825.6999999999994,3859.224304153919
2023-07-11,0.5376197114801794,3844.33,3849.591934884786
2023-07-12,0.5408928354952115,3869.4899999999993,3844.048196675777
2023-07-13,0.5381834161716571,3843.44,3837.8132192885873
2023-07-14,0.5530155170323675,3898.4199999999996,3836.419447447061
2023-07-17,0.5460510364892713,3899.1,3851.917419252395
2023-07-18,0.5428445872226936,3867.1700000000005,3860.5288964056967
2023-07-19,0.5360073948357377,3854.9399999999996,3865.6931345701214
2023-07-20,0.5388228876227422,3850.87,3867.025571104288
2023-07-21,0.5264607831252274,3823.6900000000005,3858.972537320852
2023-07-24,0.5223299793914414,3821.9100000000003,3846.0812187206743
2023-07-25,0.5415110922536065,3805.22,3832.578494199514
2023-07-26,0.5540974663595587,3915.1199999999994,3830.753233338594
2023-07-27,0.5559340526124378,3907.0099999999998,3840.2099694418903
2023-07-28,0.5485270941932355,3902.3500000000004,3848.6929345226285
2023-07-31,0.5876530488544066,3992.7399999999993,3856.99092010498
2023-08-01,0.584710267911262,4014.63,3874.9518452525135
2023-08-02,0.5775942538489512,3997.9999999999995,3894.138697686195
2023-08-03,0.5704509637531822,3969.9000000000005,3908.007097468376
2023-08-04,0.5921475330343072,4004.98,3922.4425080919264
2023-08-07,0.5828282216026185,4020.58,3942.861323984861
2023-08-08,0.5758788944114438,3990.1499999999996,3961.0897879016397
2023-08-09,0.5720360043641654,3979.73,3970.421906237602
2023-08-10,0.5706722026912353,3967.5699999999997,3980.2059586954115
2023-08-11,0.5752545763122804,3975.72,3983.024656820297
2023-08-14,0.5337071160140622,3884.2500000000005,3971.930560083389
2023-08-15,0.5390047278457996,3855.91,3953.707158763408
2023-08-16,0.5306582616074677,3846.54,3930.6435254740713
2023-08-17,0.5216783852588193,3818.33,3907.73410667181
2023-08-18,0.5311522608801068,3831.1,3879.1206990003584
2023-08-21,0.5132016001939629,3784.0000000000005,3847.134628285169
2023-08-22,0.5055764335070919,3729.5600000000004,3814.3038827657697
2023-08-23,0.5066977815492787,3758.23,3785.18772028923
2023-08-24,0.49450539459328413,3696.63,3755.032362462282
2023-08-25,0.49207176627469995,3723.43,3731.374458194971
2023-08-28,0.5551218329494484,3709.1499999999996,3713.174909494519
2023-08-29,0.5040550369741789,3752.62,3699.4814613747594
2023-08-30,0.5222602739726027,3790.11,3694.6805618882177
2023-08-31,0.5173536186204387,3788.5100000000007,3696.5291885805127
2023-09-01,0.514923020972239,3765.27,3704.2169365334507
2023-09-04,0.5252515456418959,3791.4899999999993,3717.0066137671465
2023-09-05,0.5333100981937203,3848.9500000000003,3733.5731829273695
2023-09-06,0.5237695478239787,3820.3200000000006,3753.53110779643
2023-09-07,0.5219905443084011,3812.03,3771.6830486154554
2023-09-08,0.5054491453509516,3758.47,3781.8302450358865
2023-09-11,0.5033064613892594,3739.99,3788.621329209804
2023-09-12,0.5105043035519458,3767.5400000000004,3786.8466943168637
2023-09-13,0.5090738271305614,3760.6,3790.805450297594
2023-09-14,0.5022032973693781,3736.65,3785.2091389679904
2023-09-15,0.5033701054673293,3733.5099999999998,3780.2711599373815
2023-09-18,0.4906837192386956,3708.7800000000007,3769.4313613319396
2023-09-19,0.4981058310098193,3727.71,3755.651751708984
2023-09-20,0.49584495090313985,3720.5,3747.49357168436
2023-09-21,0.4904958176748696,3705.6899999999996,3747.6318195199965
2023-09-22,0.48271608679839983,3672.4400000000005,3737.253496084213
2023-09-25,0.5025427324524184,3738.93,3721.6379162609574
2023-09-26,0.494556915989817,3714.6,3712.220804713368
2023-09-27,0.489480543096133,3692.8900000000003,3702.5988527107233
2023-09-28,0.4944053824706026,3700.5000000000005,3695.283302980065
2023-10-09,0.48462237847011747,3689.5200000000004,3690.410164131522
2023-10-10,0.4898714995757062,3684.7300000000005,3681.7284921264645
2023-10-11,0.48335555824948473,3657.1299999999997,3672.302813107371
2023-10-12,0.4903806522002666,3667.55,3667.8020671963686
2023-10-13,0.48432840344284156,3702.38,3670.152961905598
2023-10-16,0.48010971026791116,3663.4100000000003,3673.443357751369
2023-10-17,0.4713995635834648,3626.6,3668.483375896215
2023-10-18,0.4701175900109106,3639.4,3665.804580686688
2023-10-19,0.45722208752576077,3610.58,3663.7484848833083
2023-10-20,0.4359558734392047,3533.54,3651.492132750749
2023-10-23,0.4304552066917201,3510.5900000000006,3633.2726257359977
2023-10-24,0.42486665050309147,3474.24,3608.1582513129706
2023-10-25,0.43775912231785685,3487.13,3584.859207272529
2023-10-26,0.4257819129591466,3504.46,3568.5134452188013
2023-10-27,0.43074918171899623,3514.14,3554.4413732731336
2023-10-30,0.4467935507334223,3562.39,3542.237496903538
2023-10-31,0.45514910898290706,3583.7700000000004,3541.1762987285847
2023-11-01,0.46244696326827495,3572.51,3546.3308984875675
2023-11-02,0.45466117105103654,3571.03,3549.551683627367
2023-11-03,0.448133107043278,3554.19,3550.969600161314
2023-11-06,0.46322281488665296,3584.14,3555.074879376292
2023-11-07,0.46790823130076376,3632.61,3566.6124401211737
2023-11-08,0.463925930415808,3619.76,3583.3157967525717
2023-11-09,0.4616438356164384,3611.07,3599.096008329391
2023-11-10,0.459510243665899,3612.8300000000004,3617.6450709241626
2023-11-13,0.4588556188628924,3586.49,3634.0975369411703
2023-11-14,0.45497333010061836,3579.41,3642.2094720911978
2023-11-15,0.46581706873560436,3582.0599999999995,3646.328089301586
2023-11-16,0.46099830282458487,3607.25,3652.000436940789
2023-11-17,0.4489756334101104,3572.36,3648.7451871997114
2023-11-20,0.45152745787368176,3568.0700000000006,3641.5590257602926
2023-11-21,0.45702812462116615,3576.3200000000006,3630.2329257893557
2023-11-22,0.4514395684325373,3581.0700000000006,3619.7749638116356
2023-11-23,0.44295369135652807,3544.4200000000005,3608.7591426098343
2023-11-24,0.44877560916474735,3561.5200000000004,3597.1778682887552
2023-11-27,0.4408322220875257,3538.0100000000007,3583.536701216697
2023-11-28,0.4336252879136865,3511.9399999999996,3566.1668342453236
2023-11-29,0.43611649896957216,3518.52,3555.012570492625
2023-11-30,0.42600618256758394,3488.3099999999995,3540.5374379557366
2023-12-01,0.42864286580191535,3496.2,3530.8818002128596
2023-12-04,0.42464844223542253,3482.8799999999997,3519.304322839379
2023-12-05,0.4152685173960481,3460.1400000000003,3509.1553739815945
2023-12-06,0.3964147169353861,3394.2600000000007,3490.655379632711
2023-12-07,0.39836343799248397,3399.5999999999995,3473.4436214536427
2023-12-08,0.39762092374833313,3391.28,3457.2601545703405
2023-12-11,0.3934355679476301,3399.46,3446.9497867608065
2023-12-12,0.4031185598254333,3419.4499999999994,3434.7335459721085
2023-12-13,0.40573705903745905,3426.7999999999997,3432.724084473848
2023-12-14,0.3962631834161717,3369.6099999999997,3424.7185612142084
2023-12-15,0.3897654261122562,3351.96,3413.596620194912
2023-12-18,0.37862771244999405,3341.5499999999997,3401.6975705671307
2023-12-19,0.3775578858043399,3329.3700000000003,3389.755196793675
2023-12-20,0.3801854770275185,3334.04,3379.8810885274406
2023-12-21,0.3654170202448782,3297.5,3368.041621769666
2023-12-22,0.3787125712207541,3330.87,3357.4130892229077
2023-12-25,0.3789732088738028,3337.23,3351.0466790342325
2023-12-26,0.3835404291429264,3347.45,3354.6936958813662
2023-12-27,0.3779427809431447,3324.79,3356.7017943727965
2023-12-28,0.380558249484786,3336.3600000000006,3359.1567643892763
2023-12-29,0.40345496423808946,3414.54,3362.7778841066356
2024-01-02,0.4080494605406716,3431.11,3376.491874686479
2024-01-03,0.3939507819129592,3386.35,3387.238015251159
2024-01-04,0.39251727482119037,3378.3,3397.9862976837153
2024-01-05,0.3823008849557522,3347.0499999999997,3401.97095079422
2024-01-08,0.37663353133713173,3329.11,3401.22781999886
2024-01-09,0.36575342465753424,3286.06,3395.4010631573196
2024-01-10,0.36422596678385266,3292.5000000000005,3389.6342786163086
2024-01-11,0.3622984604194448,3277.1300000000006,3380.111047251224
2024-01-12,0.36504121711722637,3295.6699999999996,3369.5491073238845
2024-01-15,0.36071948114923025,3284.17,3360.411606891751
2024-01-16,0.3614680567341497,3280.9199999999996,3348.3953386765716
2024-01-17,0.3670960116377743,3300.88,3339.458005533218
2024-01-18,0.3438022790641291,3229.08,3325.5995362293716
2024-01-19,0.35803430718875007,3274.7299999999996,3309.796250894069
2024-01-22,0.3584070796460177,3269.78,3299.609527275562
2024-01-23,0.3420293368893199,3218.9,3286.246900385022
2024-01-24,0.35340344284155656,3231.93,3274.215541737079
2024-01-25,0.3620044853921688,3277.1100000000006,3266.18470549345
2024-01-26,0.3778579221723847,3342.9199999999996,3269.3915684920544
2024-01-29,0.38050672808825314,3333.82,3283.642875835895
2024-01-30,0.36490180627954905,3303.96,3299.9456058168407
2024-01-31,0.3490332161474118,3245.04,3311.7722213673587
2024-02-01,0.34015941326221366,3215.35,3318.3464900976414
2024-02-02,0.3454964238089465,3217.71,3318.134931966066
2024-02-05,0.32863983513153117,3179.63,3308.4685848838085
2024-02-06,0.33500424293853803,3200.42,3296.5891041398045
2024-02-07,0.3740332161474119,3311.6900000000005,3290.9725424230096
2024-02-08,0.385361862043884,3343.63,3299.467579849958
2024-02-19,0.3980240029094436,3364.93,3319.019133968353
2024-02-20,0.39863013698630134,3403.81,3344.6703383672234
2024-02-21,0.3971663231906898,3410.8500000000004,3369.8487741112704
2024-02-22,0.4153473148260395,3456.87,3391.0276610273118
2024-02-23,0.42777003273124026,3486.6699999999996,3413.7329208779333
2024-02-26,0.4260122439083526,3489.74,3437.2596844166515
2024-02-27,0.412225724330222,3453.36,3456.099651612043
2024-02-28,0.43034307188750154,3494.7899999999995,3471.8719772207733
2024-02-29,0.4115741301975998,3450.26,3486.9662069314713
2024-03-01,0.43495878288277356,3516.08,3497.933836106062
2024-03-04,0.44202327554855125,3537.8,3514.4871646285055
2024-03-05,0.4379591465632199,3540.87,3535.246732228994
2024-03-06,0.4475269729664203,3565.51,3551.942202892303
2024-03-07,0.4449721178324645,3551.0499999999997,3566.9473503708837
2024-03-08,0.43935022426960846,3529.72,3574.888130806088
2024-03-11,0.4443174930294581,3544.91,3578.0120451033113
2024-03-12,0.4584525397017821,3589.26,3580.6487818163628
2024-03-13,0.4590101830524912,3597.49,3589.4953776478765
2024-03-14,0.45215177597284517,3572.36,3594.949936267137
2024-03-15,0.44703600436416535,3562.22,3593.647291167974
2024-03-18,0.4537489392653654,3569.9900000000002,3592.9119489830728
2024-03-19,0.4586828706509881,3603.53,3597.565351659059
2024-03-20,0.45122136016486836,3577.6300000000006,3602.858199253678
2024-03-21,0.4586010425506123,3585.38,3609.922566297054
2024-03-22,0.45199418111286216,3581.0900000000006,3613.8649661958216
2024-03-25,0.4415201842647595,3545.0,3607.870462156534
2024-03-26,0.43848042186931757,3525.7599999999998,3598.0257558947796
2024-03-27,0.4421293490120014,3543.7499999999995,3591.7009174144264
2024-03-28,0.42993393138562264,3502.79,3581.8695491480826
2024-03-29,0.4355103648927142,3520.96,3569.2743924605843
2024-04-01,0.44602679112619714,3537.48,3564.1165798997877
2024-04-02,0.4586465026063765,3595.65,3562.427327648997
2024-04-03,0.45423990786762036,3580.6799999999994,3566.953386543989
2024-04-08,0.44662686386228645,3567.7999999999997,3575.0070044732092
2024-04-09,0.44051097102679126,3536.41,3580.2113539814945
2024-04-10,0.43917444538731953,3533.49,3583.3061583471294
2024-04-11,0.42585767971875377,3504.7100000000005,3579.6219508850572
2024-04-12,0.4321372287550006,3504.2400000000002,3573.0127307653424
2024-04-15,0.4223633167656685,3475.84,3561.936061044335
2024-04-16,0.4405049096860226,3549.08,3554.9456858003136
2024-04-17,0.4331615953448903,3511.11,3553.2209953719375
2024-04-18,0.44571766274699953,3565.3999999999996,3553.1953903150556
2024-04-19,0.44573281609892124,3569.8000000000006,3558.9951790928835
2024-04-22,0.44135955873439203,3541.6599999999994,3567.083748411536
2024-04-23,0.4381743241605044,3530.9,3576.280539640784
2024-04-24,0.43464056249242333,3506.22,3578.851267880201
2024-04-25,0.43361922657291785,3521.62,3578.5260933935638
2024-04-26,0.440080615832222,3530.28,3575.8891619652504
2024-04-29,0.45601588071281374,3584.27,3578.017886561155
2024-04-30,0.4665383682870651,3623.91,3587.092493963837
2024-05-06,0.47708207055400653,3604.39,3607.4953432053326
2024-05-07,0.47797611831737175,3657.88,3637.2334262269733
2024-05-08,0.47608194932719117,3659.01,3670.1045751631254
2024-05-09,0.46991756576554733,3630.2200000000003,3691.494046634435
2024-05-10,0.4816401988119773,3664.5599999999995,3705.6320296961067
2024-05-13,0.4747484543581041,3666.28,3716.267766707539
2024-05-14,0.4813795611589283,3664.69,3722.6040933883187
2024-05-15,0.47617286943871984,3657.05,3727.779235607385
2024-05-16,0.4717935507334222,3626.06,3726.7924186623095
2024-05-17,0.4723875621287429,3640.3599999999997,3727.9642151057715
2024-05-20,0.48557097830039997,3677.97,3727.6045760178563
2024-05-21,0.48564068371923874,3690.9599999999996,3736.636832851171
2024-05-22,0.48362831858407074,3676.1599999999994,3744.053147729635
2024-05-23,0.48277670020608554,3684.45,3748.6895128202436
2024-05-24,0.4700448539216874,3641.79,3743.7965130150315
2024-05-27,0.46271669293247675,3601.48,3726.0499693703646
2024-05-28,0.47077827615468537,3635.71,3709.506376610994
2024-05-29,0.46345011516547474,3609.1699999999996,3694.355192686319
2024-05-30,0.4628379197478484,3613.5200000000004,3680.5073353642224
2024-05-31,0.46064674506000725,3594.3100000000004,3665.198432077765
2024-06-03,0.4538459207176627,3579.92,3649.74836022675
2024-06-04,0.4557946417747606,3588.75,3638.1354446756836
2024-06-05,0.46384107164504795,3615.6699999999996,3629.6976535356043
2024-06-06,0.4613559219299309,3594.79,3623.93174521327
2024-06-07,0.45907382713056133,3592.25,3617.2546668249365
2024-06-11,0.4473117953691358,3574.11,3607.4693487179275
2024-06-12,0.4422414838162202,3542.88,3597.6343782192466
2024-06-13,0.44500848587707587,3544.12,3593.577193673849
2024-06-14,0.43487998545278217,3526.13,3587.9700756472344
2024-06-17,0.4368923505879502,3541.53,3584.2433229005333
2024-06-18,0.4405443084010182,3536.2,3584.238455018997
2024-06-19,0.4435355800703117,3545.59,3588.724889358282
2024-06-20,0.4380227906412898,3528.75,3592.1971492582556
2024-06-21,0.4292853679233847,3503.28,3588.0918700432776
2024-06-24,0.42240574615104853,3495.62,3580.4076269650454
2024-06-25,0.4228664080494605,3476.81,3569.1930014812942
2024-06-26,0.41570796460176995,3457.8999999999996,3551.9060832113023
2024-06-27,0.4204812704570252,3480.26,3535.5673309069866
2024-06-28,0.4133228270093344,3454.12,3526.899581043124
2024-07-01,0.4177445751000123,3461.66,3517.8979918634886
2024-07-02,0.4220450963753183,3478.18,3512.362431695461
2024-07-03,0.4217753667111165,3471.7900000000004,3511.937076206803
2024-07-04,0.4207873681658384,3463.41,3513.446411556005
2024-07-05,0.41322887622742155,3445.8100000000004,3509.128211202621
2024-07-08,0.40639168384046565,3431.0600000000004,3499.952643936872
2024-07-09,0.3991180749181721,3401.7600000000007,3489.7360315257306
2024-07-10,0.4079312643956844,3439.81,3479.6823957884308
2024-07-11,0.4155564310825556,3428.9700000000003,3477.3144634938235
2024-07-12,0.41825978906534134,3468.1699999999996,3480.0963604342933
2024-07-15,0.4190629167171779,3472.4,3490.1466860121486
2024-07-16,0.4203479209601163,3476.2500000000005,3503.865252400636
2024-07-17,0.42863983513153114,3498.2800000000007,3513.9984293222424
2024-07-18,0.42533337374227187,3501.5800000000004,3526.3303309762473
2024-07-19,0.4306400775851619,3520.93,3534.7254794740675
2024-07-22,0.4420323675597043,3539.02,3541.1314168608187
2024-07-23,0.4333616195902533,3514.92,3545.7775177145
2024-07-24,0.4098921081343193,3439.88,3542.252782051563
2024-07-25,0.4014850284883017,3418.1699999999996,3534.447231365442
2024-07-26,0.4012122681537157,3399.2700000000004,3525.126795945167
2024-07-29,0.4014122923990787,3409.29,3515.4677506852145
2024-07-30,0.39423566492908246,3390.74,3507.535343006253
2024-07-31,0.389186568068857,3369.38,3496.2008702790736
2024-08-01,0.4131622014789672,3442.0799999999995,3483.1693566906447
2024-08-02,0.39824524184749677,3419.27,3475.7398011744017
2024-08-05,0.38860467935507337,3384.39,3465.6899623847003
2024-08-06,0.39019275063644077,3343.32,3450.100279691219
2024-08-07,0.38147654261122577,3342.98,3432.438437185287
2024-08-08,0.3796096496545035,3341.49,3416.641090665459
2024-08-09,0.38739847254212634,3342.94,3399.5461616432663
2024-08-12,0.3781337131773549,3331.6299999999997,3384.62162628293
2024-08-13,0.378270093344648,3325.86,3377.257203021645
2024-08-14,0.3797187537883381,3334.39,3371.851031144857
2024-08-15,0.3702206328039762,3309.2399999999993,3366.986459767818
2024-08-16,0.38251909322342115,3341.95,3359.555151814222
2024-08-19,0.38319493271911764,3345.6299999999997,3359.9340677130217
2024-08-20,0.38846223784701184,3356.97,3362.6581342208383
2024-08-21,0.3767244514486604,3332.7,3359.8470299911496
2024-08-22,0.37671232876712335,3321.64,3356.1259239870305
2024-08-23,0.3715783731361376,3313.14,3355.459413647055
2024-08-26,0.37909140501879,3327.19,3355.899567495584
2024-08-27,0.3745363074312039,3324.2200000000003,3357.9817551439996
2024-08-28,0.36945084252636684,3305.33,3360.659576777219
2024-08-29,0.36176203176142563,3286.5,3358.4096419310567
2024-08-30,0.36182567583949576,3277.6800000000003,3358.362326122522
2024-09-02,0.37206631106800836,3321.43,3357.475592821836
2024-09-03,0.35818584070796455,3265.01,3354.4682156085964
2024-09-04,0.3558097951266821,3273.43,3356.4007645785805
2024-09-05,0.3555249121105589,3252.16,3354.570635836124
2024-09-06,0.35800703115529164,3257.76,3352.078864635229
2024-09-09,0.3439598739241121,3231.35,3340.1529443013665
2024-09-10,0.3374924233240393,3192.95,3323.3834818387027
2024-09-11,0.33554976360771016,3195.76,3306.1710421562193
2024-09-12,0.33627106315917077,3186.13,3292.293685472011
2024-09-13,0.3316038307673659,3172.47,3277.0872997707124
2024-09-18,0.32699418111286227,3159.25,3261.394125915766
2024-09-19,0.3329282337253001,3171.01,3246.184527412653
2024-09-20,0.33718026427445746,3196.04,3233.129453277588
2024-09-23,0.3397381500787975,3201.05,3226.534057941437
2024-09-24,0.3530064250212147,3212.76,3222.7538558554647
2024-09-25,0.40120923748333126,3351.91,3229.085022581816
2024-09-26,0.3998818038550128,3401.53,3251.8789752340317
2024-09-27,0.4661322584555704,3545.32,3287.2143431615827
2024-09-30,0.5354527821554128,3703.68,3347.915073484182
2024-10-08,0.7184204145957086,4017.85,3442.5433803939814
2024-10-09,0.6330979512668203,4256.1,3562.31702145338
2024-10-10,0.5757485755849193,3955.98,3657.88200612843
2024-10-11,0.5727633652563947,3997.79,3741.5615712440012
2024-10-14,0.5562340889804823,3887.17,3805.4342131757735
2024-10-15,0.5645108497999759,3961.3400000000006,3860.9376037394995
2024-10-16,0.523175536428658,3855.99,3897.638899226188
2024-10-17,0.5376318341617167,3831.59,3920.35886007905
2024-10-18,0.5153473148260396,3788.22,3928.1677209246154
2024-10-21,0.5658352527579101,3925.23,3926.6483577394483
2024-10-22,0.5588162201478967,3935.2000000000003,3930.7586021935936
2024-10-23,0.5683870772214815,3957.78,3937.0529677355285
2024-10-24,0.5670475209116256,3973.21,3943.815039335489
2024-10-25,0.5611134682991877,3928.83,3946.4705660712716
2024-10-28,0.5677172990665537,3956.42,3944.3748457121847
2024-10-29,0.5728391320160021,3964.16,3940.2893300962446
2024-10-30,0.5528821675354588,3924.65,3936.2986408126353
2024-10-31,0.548111892350588,3889.45,3929.782494587898
2024-11-01,0.5463056128015517,3891.04,3930.611202740669
2024-11-04,0.5509273851375925,3890.02,3934.5352994048594
2024-11-05,0.5630227906412898,3944.76,3940.938121347427
2024-11-06,0.5974724208995029,4044.5699999999997,3954.9916953432557
2024-11-07,0.5780700690992847,4024.28,3978.3760246682164
2024-11-08,0.6401412292399079,4145.7,4001.634762649536
2024-11-11,0.602212389380531,4104.05,4028.569335336685
2024-11-12,0.6223421020729786,4131.13,4053.8026807844635
2024-11-13,0.5999878773184629,4085.7400000000002,4072.591924654245
2024-11-14,0.6126045581282581,4110.89,4090.335352854728
2024-11-15,0.589701782034186,4039.6200000000003,4098.066717026233
2024-11-18,0.5765032125106074,3968.8299999999995,4096.74129024148
2024-11-19,0.5681688689538126,3950.3800000000006,4091.4469822824
2024-11-20,0.5716602012365134,3976.89,4081.0704112839694
2024-11-21,0.5757031155291551,3985.77,4070.847665342092
2024-11-22,0.5771517759728452,3989.3,4061.874212517738
2024-11-25,0.5442296035883137,3865.7000000000003,4039.016587975025
2024-11-26,0.5323039156261365,3848.0900000000006,4008.163175935745
2024-11-27,0.5302066917202085,3840.18,3976.4460069966312
2024-11-28,0.5529094435689174,3907.04,3943.3773194277283
2024-11-29,0.5424960601285004,3872.55,3919.2544351160523
2024-12-02,0.5545611589283549,3916.58,3897.4595664703843
2024-12-03,0.5657746393502242,3947.6300000000006,3886.161408139467
2024-12-04,0.5662080252151777,3951.89,3882.181428195238
2024-12-05,0.5566401988119772,3930.56,3883.679567416906
2024-12-06,0.5588647108740453,3921.59,3890.9338791978357
2024-12-09,0.5730361255909807,3973.14,3899.353367103338
2024-12-10,0.6104315674627229,3966.5699999999997,3909.213553228378
2024-12-11,0.5782973693781065,3995.64,3920.16278181076
2024-12-12,0.5780337010546733,3988.83,3936.250156712532
2024-12-13,0.5822281488665292,4028.5,3956.8987366139886
2024-12-16,0.5609498120984363,3933.1799999999994,3973.285388872623
2024-12-17,0.5540853436780216,3911.84,3986.1617143976687
2024-12-18,0.5620893441629288,3922.0300000000007,3990.1021671438216
2024-12-19,0.5552248757425141,3941.89,3998.112753000259
2024-12-20,0.5629773305855256,3945.46,3996.459230999946
2024-12-23,0.5601527457873682,3927.74,3991.770487504005
2024-12-24,0.5622105709783004,3933.57,3987.96984031558
2024-12-25,0.5782791853558008,3983.69,3984.211056908369
2024-12-26,0.5763910777063886,3985.6300000000006,3984.47002820611
2024-12-27,0.5779943023396775,3987.48,3986.9119523000713
2024-12-30,0.5748666505030912,3981.03,3989.969371335506
2024-12-31,0.5806764456297734,3999.0500000000006,3994.3091850829123
