date,open,true_price,predicted_price
2020-03-11,98.48,96.6,91.48039956629277
2020-03-12,94.31000000000002,95.4,90.6103150138259
2020-03-13,89.34,93.71,88.29116403579712
2020-03-16,95.5,87.85,86.46905961692335
2020-03-17,89.74,88.84999999999998,84.22577950805426
2020-03-18,89.84,97.59,83.99221441477538
2020-03-19,98.78,102.86,87.80639097988606
2020-03-20,100.87,101.57,92.83154853343964
2020-03-23,97.89,100.27,93.00172151893378
2020-03-24,103.06000000000002,110.11,92.45962080001831
2020-03-25,112.79000000000002,108.72,98.70389036297799
2020-03-26,107.13,101.85999999999999,99.74475434541704
2020-03-27,102.96000000000001,95.59999999999998,96.77957205981018
2020-03-30,91.92999999999999,88.94,93.43853414654733
2020-03-31,90.73,87.26,86.86814673304559
2020-04-01,87.26,88.25,84.90295407205821
2020-04-02,87.26,92.42000000000002,85.32452628344298
2020-04-03,90.93,88.75,87.821962608099
2020-04-07,90.44,92.12,87.97760891586543
2020-04-08,91.43,91.93000000000002,88.47071825087072
2020-04-09,92.51999999999998,94.01,87.94020062148572
2020-04-10,92.72,88.45,90.92238667726518
2020-04-13,89.44000000000001,90.52999999999999,88.71328204721213
2020-04-14,89.14,91.63,88.36374144494535
2020-04-15,91.73,91.72999999999999,86.43482815861702
2020-04-16,90.24000000000001,91.03,87.12009175896645
2020-04-17,91.43,91.83,88.06919602692128
2020-04-20,92.42,95.59999999999998,88.93982637941838
2020-04-21,94.21000000000001,96.4,93.426881082654
2020-04-22,94.91,95.21,94.13444317996503
2020-04-23,95.4,91.22999999999999,91.9802311050892
2020-04-24,90.83,88.05,89.33666498601437
2020-04-27,87.95000000000002,84.97000000000001,88.16993111968041
2020-04-28,85.37,86.76,84.39390457719566
2020-04-29,85.37,83.08,84.68761030286551
2020-04-30,83.28,87.15999999999998,83.15171502292156
2020-05-06,85.86,90.04,85.50106227099896
2020-05-07,91.23,88.94,86.6502885517478
2020-05-08,91.53,93.22,86.9275969517231
2020-05-11,94.91,91.53,89.44824610501529
2020-05-12,90.93,91.22999999999999,89.27285769701005
2020-05-13,90.34000000000002,90.24,88.69622696250678
2020-05-14,89.44000000000001,92.21999999999998,86.92480264216663
2020-05-15,92.72,92.62,88.39257554739714
2020-05-18,91.92999999999999,87.75,89.9271926289797
2020-05-19,88.45,88.75,87.94538338929415
2020-05-20,88.45,86.26,88.07383299469949
2020-05-21,87.05999999999999,85.27,86.73252708792687
2020-05-22,85.57,82.88,85.73770623624326
2020-05-25,82.09,80.6,84.81439451843501
2020-05-26,80.69999999999999,84.77,82.06329646348954
2020-05-27,83.98000000000002,83.98000000000002,83.89533724188806
2020-05-28,83.38,82.68,84.38517644166947
2020-05-29,82.29,82.49,81.50684167027474
2020-06-01,82.68,86.26,82.0312575352192
2020-06-02,86.25999999999999,86.36,84.35481689810754
2020-06-03,87.05999999999999,85.46999999999998,85.0312170791626
2020-06-04,85.86,83.68,83.84176486968995
2020-06-05,83.88000000000001,84.57,83.58619050681592
2020-06-08,85.17,84.57,85.15711961776019
2020-06-09,84.77,83.58,84.30927758276464
2020-06-10,84.08,83.08,84.42669922858478
2020-06-11,83.08000000000001,84.57,84.1638615268469
2020-06-12,82.59,83.68,85.36012923926116
2020-06-15,85.17,83.98000000000002,85.11982328236104
2020-06-16,84.97,87.45,83.15469593077898
2020-06-17,87.85000000000001,88.15,86.73530740261079
2020-06-18,87.16,87.65,88.16765462040902
2020-06-19,87.65,86.56,87.46178123772145
2020-06-22,86.66,86.46,84.76472671568395
2020-06-23,86.95999999999998,87.95,85.10877199798823
2020-06-24,88.15,86.46,86.7120106047392
2020-06-29,86.25999999999999,82.08999999999999,87.2034452199936
2020-06-30,82.19,82.59,83.5522576057911
2020-07-01,86.36,90.73000000000002,83.94130106836559
2020-07-02,93.81,92.12,87.33737148553134
2020-07-03,91.53,93.02,89.18660729736091
2020-07-06,93.31999999999998,97.09,88.6512101224065
2020-07-07,95.80000000000001,99.38,89.40184377253057
2020-07-08,97.49,101.47,92.1101921567321
2020-07-09,100.87,107.03,94.49413472980262
2020-07-10,105.14000000000001,104.35,98.03177261292936
2020-07-13,105.04,108.42,97.8408359014988
2020-07-14,108.62000000000002,111.1,97.41605419933796
2020-07-15,106.83000000000001,100.16999999999999,99.45018560260536
2020-07-16,100.17,92.72,95.89856217682363
2020-07-17,92.82,94.81,90.19474660277368
2020-07-20,95.90000000000002,96.5,91.33662091046573
2020-07-21,96.8,94.51,90.61755036294461
2020-07-22,94.61,93.90999999999998,91.20996731370688
2020-07-23,92.51999999999998,92.03,90.84884828686715
2020-07-24,92.42,89.74,89.87633059710265
2020-07-27,89.94,88.94,87.94519679099322
2020-07-28,89.44000000000001,89.74,88.82950013399125
2020-07-29,89.74,92.72,88.59984427511694
2020-07-30,93.31999999999998,91.22999999999999,88.43426627278329
2020-07-31,91.63,92.52,90.40007937312127
2020-08-03,93.02,94.71,89.90174995064736
2020-08-04,94.91,93.62000000000002,91.77292972266675
2020-08-05,94.51,93.12,93.4558924534917
2020-08-06,92.82,92.92000000000002,94.25535421401263
2020-08-07,92.12,90.83,91.96482275038959
2020-08-10,91.92999999999999,97.99000000000001,90.0344959819317
2020-08-11,98.68,95.21,94.36755577236416
2020-08-12,94.01,93.90999999999998,94.10441484838725
2020-08-13,93.91,100.07,92.77125862240793
2020-08-14,100.46999999999998,101.07,98.34494987130167
2020-08-17,99.48,100.97,99.79361511051655
2020-08-18,100.37,97.89,96.9968611162901
2020-08-19,97.39000000000001,94.61000000000001,95.67127611637116
2020-08-20,94.01,95.01,94.40792164981366
2020-08-21,95.21,93.41999999999999,94.31097916752101
2020-08-24,93.22,93.71,93.31696535348892
2020-08-25,93.91,92.82,94.18856601715089
2020-08-26,92.51999999999998,90.93,93.9305005669594
2020-08-27,90.93,91.13,92.49496251821519
2020-08-28,91.13,91.03,93.00998782366516
2020-08-31,91.33,91.43,90.20875547021629
2020-09-01,91.82999999999998,91.13,91.72867793560029
2020-09-02,91.82999999999998,93.02,92.5448215842247
2020-09-03,91.82999999999998,89.44,91.52063482493163
2020-09-04,87.45,89.53999999999999,90.44101437538863
2020-09-07,89.44000000000001,88.25,90.6393077248335
2020-09-08,86.95999999999998,85.77,88.90505845099689
2020-09-09,84.77,83.08,88.18162150323391
2020-09-10,83.58,81.19,84.88625352412463
2020-09-11,81.09,81.99,83.78809453338386
2020-09-14,82.29,82.98,83.91789697647096
2020-09-15,82.49,82.29000000000002,85.10476013451816
2020-09-16,81.99,81.39,84.98814552634956
2020-09-17,81.0,81.79,84.03107817590238
2020-09-18,81.49000000000001,82.78000000000002,83.97663812160494
2020-09-21,83.38,82.78000000000002,83.77204241454602
2020-09-22,82.59,81.69,84.32884707957507
2020-09-23,82.68,82.98,82.6624636077881
2020-09-24,83.08000000000001,83.48,85.40790773421527
2020-09-25,82.98,81.39,85.23389548867942
2020-09-28,81.49000000000001,79.7,84.32862316161395
2020-09-29,79.7,79.31,83.62662635862829
2020-09-30,79.79999999999998,78.51,83.59265147298575
2020-10-09,79.89999999999999,80.5,82.41808980792761
2020-10-12,80.69999999999999,82.98,83.78182949543
2020-10-13,82.98,82.68,84.8059416154027
2020-10-14,82.59,81.49,86.27975564062596
2020-10-15,81.39,80.0,85.94273111939431
2020-10-16,79.79999999999998,80.3,84.89406266301872
2020-10-19,80.59999999999998,80.5,83.98973265737295
2020-10-20,80.8,80.5,82.86100886493922
2020-10-21,80.4,79.01,83.90800726652147
2020-10-22,78.11,78.61,82.2839676141739
2020-10-23,78.81,77.91,81.49839809715749
2020-10-26,77.22,76.23,81.11921635478735
2020-10-27,75.43,73.14000000000001,80.22514459073544
2020-10-28,73.05,73.24,78.43510242491962
2020-10-29,72.25,72.05,78.17875834405423
2020-10-30,72.15,70.06000000000002,74.95155472427608
2020-11-02,69.17,68.37000000000002,72.45979098796846
2020-11-03,68.18,70.96,74.85778907805683
2020-11-04,70.96,70.06000000000002,75.57362214505673
2020-11-05,70.76,71.75000000000001,74.56186283260585
2020-11-06,71.65,70.96,75.36434748560191
2020-11-09,71.26,73.74,74.66178622275592
2020-11-10,73.84,73.05,76.47716843783856
2020-11-11,72.95,71.65,76.28719737261535
2020-11-12,72.65,71.85,74.91337204694749
2020-11-13,71.26,72.05,75.71133635610343
2020-11-16,71.26,71.55,75.37315959036351
2020-11-17,71.26,70.26000000000002,75.25773921132088
2020-11-18,70.36,70.66,74.03762423604728
2020-11-19,70.56,70.86,74.36528618752958
2020-11-20,70.86,70.66,74.90355231136084
2020-11-23,70.56,71.85,75.70975960046054
2020-11-24,71.46,71.95000000000002,74.50746942788363
2020-11-25,72.15,71.65,76.27382293939591
2020-11-26,71.36,70.76000000000002,73.77264531880618
2020-11-27,70.76,70.56000000000002,73.76838621258736
2020-11-30,70.46,70.76000000000002,71.42297152370216
2020-12-01,70.56,71.75000000000001,72.06452447205783
2020-12-02,72.05,72.45000000000002,74.86970337957145
2020-12-03,73.05,72.55,76.40483360648156
2020-12-04,72.65,73.14000000000001,76.51792617172003
2020-12-07,73.05,71.65,78.1499195766449
2020-12-08,71.55,71.46,76.97675739884377
2020-12-09,71.55,70.16,75.78179120957853
2020-12-10,70.16,68.28,72.90538306564093
2020-12-11,68.28,66.49,71.62392856389285
2020-12-14,66.49,66.79,69.55034094989301
2020-12-15,66.88,66.98,69.9482991462946
2020-12-16,67.08,63.01,70.15693470656872
2020-12-17,62.91,69.17,71.06908784598113
2020-12-18,69.67,68.18,78.05251059859992
2020-12-21,66.98,67.48,76.76582667946816
2020-12-22,66.69,67.98,72.9974926519394
2020-12-23,67.08,68.08,71.0639657226205
2020-12-24,68.08,65.29,71.2389669391513
2020-12-25,65.29,64.9,70.03499738186599
2020-12-28,64.9,63.31000000000002,69.75867795288563
2020-12-29,63.00999999999999,69.47,68.66245491951705
2020-12-30,71.06,71.95000000000002,74.58907819479705
2020-12-31,70.86,72.55,79.10418795257807
2021-01-04,71.55,74.44,79.02209869503976
2021-01-05,73.64,74.24,79.59645759522915
2021-01-06,73.64,72.05,79.6604888021946
2021-01-07,72.85,71.06,79.87721806377174
2021-01-08,70.96,74.34000000000002,76.8131293487549
2021-01-11,73.24,75.13000000000001,80.68680744707585
2021-01-12,74.93,75.23,81.95742058753969
2021-01-13,74.24,72.55,81.56720622062684
2021-01-14,72.35,76.32000000000001,79.62903299361469
2021-01-15,75.53,76.72,83.01479851961136
2021-01-18,75.83,75.83000000000001,83.59562305092813
2021-01-19,75.33,73.34,82.86892063289882
2021-01-20,73.24,73.84,79.70720835179091
2021-01-21,73.34,73.84,79.34604267537594
2021-01-22,73.54,71.06,78.90254516363144
2021-01-25,70.56,67.58,77.20746753811837
2021-01-26,67.58,67.78,75.51129831254484
2021-01-27,67.68,69.17,75.55267648577691
2021-01-28,68.37,67.78,76.32928928434849
2021-01-29,68.47,68.97,73.66157734513284
2021-02-01,69.47,71.55,73.44887394189836
2021-02-02,71.46,70.56000000000002,75.84732453286648
2021-02-03,70.06,67.08,76.28223385781051
2021-02-04,67.38,64.9,73.13424588173629
2021-02-05,65.2,64.30000000000001,72.85151213616133
2021-02-08,65.0,65.49000000000001,72.75803571730853
2021-02-09,65.39,65.59,73.78179796546698
2021-02-10,65.49,64.70000000000002,72.62514040738345
2021-02-18,65.39,66.98,72.7663440066576
2021-02-19,67.08,69.27,73.68117483168841
2021-02-22,69.47,70.16,76.73105408608915
2021-02-23,69.67,69.77,77.14345965594055
2021-02-24,69.67,70.46,77.58071545451881
2021-02-25,71.06,69.07000000000001,76.25500916570427
2021-02-26,68.18,70.66,75.97096923202277
2021-03-01,71.06,71.65,75.82606165647508
2021-03-02,71.36,70.86,78.2220911344886
2021-03-03,70.76,71.65,78.35751485139133
2021-03-04,71.46,70.26000000000002,80.75096927285195
2021-03-05,69.87,70.36,79.38162697136403
2021-03-08,70.46,68.57,78.38636761367322
2021-03-09,68.57,65.79,75.18267537981272
2021-03-10,66.39,65.1,73.22621551930905
2021-03-11,65.1,66.09,71.25792999148369
2021-03-12,66.29,66.09,70.33223914533855
2021-03-15,66.09,65.69000000000001,70.65049654245378
2021-03-16,65.49,66.69000000000001,70.56876182168723
2021-03-17,66.69,66.39000000000001,71.47245272815228
2021-03-18,66.19,65.29,72.07501596152784
2021-03-19,65.1,64.70000000000002,70.80595625191928
2021-03-22,64.9,65.49000000000001,69.6807824921608
2021-03-23,65.69,66.19000000000001,70.75317225754262
2021-03-24,66.19,65.29,70.86923640072347
2021-03-25,65.2,65.79,70.6469838294387
2021-03-26,65.99,66.29,70.71590857684613
2021-03-29,66.29,65.69000000000001,71.86977182537318
2021-03-30,65.69,64.8,72.56953411370517
2021-03-31,65.2,65.00000000000001,71.76724538892509
2021-04-01,65.2,65.29,70.53166141450406
2021-04-02,65.29,65.59,70.96456480771305
2021-04-06,65.69,65.99000000000001,71.99009040981532
2021-04-07,65.69,65.1,71.34033180117608
2021-04-08,65.59,65.29,70.72681524753571
2021-04-09,65.0,64.8,71.63418214052916
2021-04-12,64.8,63.01,71.07388342231513
2021-04-13,63.11,63.11,67.9714114367962
2021-04-14,62.81,63.210000000000015,67.54958265274765
2021-04-15,63.40999999999999,63.51,68.12802339076997
2021-04-16,63.51,64.1,68.09188862979413
2021-04-19,65.0,65.20000000000002,68.38346246987582
2021-04-20,65.1,68.87,70.01826417922975
2021-04-21,66.98,66.29,76.13961677640677
2021-04-22,66.39,68.08,73.99037754625083
2021-04-23,70.26,69.67,73.21404931008817
2021-04-26,68.47,67.18,76.29360702425242
2021-04-27,66.79,66.49,73.70758315622807
2021-04-28,66.09,66.59,71.91408892184496
2021-04-29,65.89,66.29,71.11088120043279
2021-04-30,66.29,64.8,71.03797724425793
2021-05-06,65.1,64.9,70.70336917102338
2021-05-07,64.8,65.1,69.955772408247
2021-05-10,65.1,67.68,69.33239413440228
2021-05-11,66.98,67.98,71.92263978898526
2021-05-12,70.86,72.65000000000002,72.72141580075026
2021-05-13,74.83,72.35,76.78445851981641
2021-05-14,73.54,72.95000000000002,78.2033893197775
2021-05-17,75.13,72.65000000000002,80.32332795172931
2021-05-18,71.36,71.75000000000001,79.31625225663186
2021-05-19,71.36,69.67,77.71026132494212
2021-05-20,69.77,68.57,76.64155687600375
2021-05-21,68.57,68.37000000000002,75.0012131971121
2021-05-24,68.47,70.46,73.95502649813892
2021-05-25,72.05,73.05,76.10525936424733
2021-05-26,73.14,73.05,79.22462782591582
2021-05-27,72.15,74.04,81.00178071409465
2021-05-28,74.83,81.29,81.40019141137601
2021-05-31,84.97,85.27,85.65915768146516
2021-06-01,83.98000000000002,88.75,89.45699290037156
2021-06-02,89.54000000000002,86.46,90.8851649811864
2021-06-03,86.86,82.19,89.8406530019641
2021-06-04,81.09,81.99,87.42277752786876
2021-06-07,82.78,90.04,86.21320535659791
2021-06-08,92.42,91.63,89.3105738785863
2021-06-09,90.83,96.4,91.83585533469916
2021-06-10,93.52,99.98,94.57430202484132
2021-06-11,98.39,97.69,95.15672197163106
2021-06-15,94.01,90.83,93.50060607135296
2021-06-16,85.77,87.95,91.98142533421517
2021-06-17,87.45,95.59999999999998,89.9034573251009
2021-06-18,93.12,94.21,92.97590097904207
2021-06-21,95.4,95.10999999999999,91.37730866998434
2021-06-22,94.11,90.93,91.11965840101243
2021-06-23,90.04,92.32,90.32036457896234
2021-06-24,91.23,87.75,90.41636007487774
2021-06-25,86.86,84.87,90.21656460911036
2021-06-28,84.66999999999999,87.26,88.41886724799872
2021-06-29,89.74,95.8,88.71834819108248
2021-06-30,99.68,102.56000000000002,92.09970999717713
2021-07-01,103.95000000000003,100.37000000000002,97.30242516398431
2021-07-02,98.87999999999998,104.94,93.9330616286397
2021-07-05,106.83000000000001,106.04,95.03396827936173
2021-07-06,106.83000000000001,103.54999999999998,96.41435253530742
2021-07-07,100.27,101.96,94.36950105965138
2021-07-08,101.36999999999999,98.98,92.55478593349457
2021-07-09,97.69,99.38,92.0232140237093
2021-07-12,102.06,103.05999999999999,92.49936623811723
2021-07-13,101.26999999999998,99.78,94.24738180160523
2021-07-14,98.87999999999998,102.36,94.64616103053093
2021-07-15,104.35,100.77,96.73580542832615
2021-07-16,99.38,97.99000000000001,96.76492875814439
2021-07-19,97.19,91.72999999999999,95.2136204585433
2021-07-20,90.93,92.32,90.63829076409341
2021-07-21,92.72,93.62000000000002,89.82890663892032
2021-07-22,93.71,91.53,90.8674008229375
2021-07-23,91.13,89.44,89.68823484480382
2021-07-26,87.65,85.67000000000002,88.48823050141336
2021-07-27,86.36,84.67,84.49790514022114
2021-07-28,84.56999999999998,81.49,82.94154002666474
2021-07-29,82.49,83.28000000000002,81.96420810073614
2021-07-30,82.78,84.57,83.86054132372142
2021-08-02,82.88,84.47,84.0614750391245
2021-08-03,83.78,82.39,82.7995387196541
2021-08-04,81.89,82.39,82.47970456689598
2021-08-05,81.89,79.8,84.43812370955945
2021-08-06,79.79999999999998,79.7,83.24490687936546
2021-08-09,79.41,82.08999999999999,84.02246199935675
2021-08-10,82.59,82.08999999999999,83.55353113919497
2021-08-11,82.49,81.09000000000002,82.41746003866197
2021-08-12,80.9,83.68,82.73247062534095
2021-08-13,83.48,82.08999999999999,86.29203380882741
2021-08-16,81.19,81.0,86.11172387063505
2021-08-17,81.09,78.61,85.04284215331079
2021-08-18,78.61,78.01000000000002,81.99248240828516
2021-08-19,78.11,78.11,80.15740940749646
2021-08-20,77.72,76.82000000000001,79.80775218129159
2021-08-23,76.82,78.41,78.35153904080391
2021-08-24,78.41,77.72,80.4617419064045
2021-08-25,77.72,76.32000000000001,80.17550477772951
2021-08-26,76.32,74.04,81.11179440736771
2021-08-27,74.04,74.54,78.28754048854114
2021-08-30,74.64,74.73,76.90283181697131
2021-08-31,74.34,74.83,77.30056609541178
2021-09-01,73.84,76.23,77.67890348047018
2021-09-02,76.42,79.41,76.19004963219167
2021-09-03,79.31,82.29000000000002,83.74537285238506
2021-09-06,81.09,81.89,87.30847673863174
2021-09-07,81.49000000000001,81.49,87.2403730237484
2021-09-08,81.59000000000002,83.58,85.5025457274914
2021-09-09,82.98,81.58999999999999,86.53578716933728
2021-09-10,81.59000000000002,81.39,86.5295967707038
2021-09-13,81.49000000000001,81.0,85.11531693339349
2021-09-14,81.79,88.94,86.04742209613325
2021-09-15,89.74,86.36,91.5050818565488
2021-09-16,86.76,92.21999999999998,92.14808560669424
2021-09-17,92.51999999999998,89.04000000000002,94.00581630617381
2021-09-22,86.56,86.76,92.58000002890826
2021-09-23,86.06,90.14,89.8954242682457
2021-09-24,90.93,89.53999999999999,92.17705499291421
2021-09-27,93.12,91.63,93.79451705515386
2021-09-28,87.05999999999999,82.68,93.77895475685598
2021-09-29,81.0,77.42,90.20620840340854
2021-09-30,77.62,78.81,86.04389538824559
2021-10-08,81.39,86.56,85.5417313706875
2021-10-11,86.36,91.63,90.10604243546726
2021-10-12,89.94,89.74,93.78965616941453
2021-10-13,91.02999999999999,89.34,92.06810024499894
2021-10-14,88.65,90.14,89.64122140288355
2021-10-15,88.65,91.13,91.04835452526808
2021-10-18,91.73,90.73000000000002,91.26250406533481
2021-10-19,90.93,99.68,91.32009763091804
2021-10-20,101.57,97.99000000000001,96.58651745766403
2021-10-21,97.79,97.39,97.50287838876248
2021-10-22,97.59,93.12,96.1590580698848
2021-10-25,88.05,84.08,93.40017420083285
2021-10-26,83.98000000000002,86.46,90.36470966517926
2021-10-27,84.97,82.39,89.93258531987668
2021-10-28,82.98,83.38,86.83630839794876
2021-10-29,82.59,83.58,86.4656541979313
2021-11-01,83.58,83.38,85.9527794378996
2021-11-02,83.38,80.7,85.58748527407647
2021-11-03,80.5,81.0,83.04111354500056
2021-11-04,81.19,82.68,83.09462527275086
2021-11-05,82.68,84.67,84.17608838051558
2021-11-08,84.37,83.08,85.49661656647922
2021-11-09,83.18000000000002,85.67000000000002,83.74526555836202
2021-11-10,85.77,84.67,86.54827059566976
2021-11-11,83.68,84.18,84.90011777788402
2021-11-12,83.78,83.98000000000002,84.25265432834627
2021-11-15,83.88000000000001,85.07,86.35697001755238
2021-11-16,85.17,84.57,86.47273560345174
2021-11-17,84.08,85.46999999999998,87.81804870873691
2021-11-18,85.17,82.49,88.48495103627444
2021-11-19,82.19,82.68,87.49655383110047
2021-11-22,82.88,82.59,86.5112728175521
2021-11-23,82.09,82.49,86.96461338967086
2021-11-24,82.29,82.68,86.83111630022526
2021-11-25,82.68,84.57,86.40356827825309
2021-11-26,84.56999999999998,83.28000000000002,87.86701676785947
2021-11-29,81.99,81.89,87.85859185457231
2021-11-30,81.89,82.49,83.96575944066049
2021-12-01,82.39000000000001,83.58,84.31691878318787
2021-12-02,83.38,82.19,86.74427811592818
2021-12-03,82.09,82.29000000000002,86.49512273460627
2021-12-06,82.09,81.29,84.82575369000436
2021-12-07,81.29,80.0,83.46251315295697
2021-12-08,80.0,80.6,82.51734610915184
2021-12-09,80.3,81.39,84.22130114883186
2021-12-10,81.29,81.39,83.40911338418724
2021-12-13,81.29,81.69,84.94887591391803
2021-12-14,81.59000000000002,83.08,84.904110981524
2021-12-15,82.98,82.19,86.56748555570842
2021-12-16,82.29,82.59,84.62518850624562
2021-12-17,82.49,81.58999999999999,85.42838223278524
2021-12-20,81.29,80.0,84.5799430832267
2021-12-21,80.0,81.69,82.15201462566853
2021-12-22,82.19,82.49,83.88677704483271
2021-12-23,82.49,82.78000000000002,86.0119870787859
2021-12-24,83.28,81.0,86.27465217709542
2021-12-27,83.78,85.37,85.50470093786717
2021-12-28,84.37,84.37,89.11408120274545
2021-12-29,83.98000000000002,82.88,88.13750033497811
2021-12-30,82.59,83.48,85.76002805799247
2021-12-31,83.78,83.48,86.09785961687565
2022-01-04,83.78,86.36,86.86234819084407
2022-01-05,86.76,87.06,87.67442866146565
2022-01-06,86.25999999999999,86.66000000000001,88.7727602556348
2022-01-07,86.25999999999999,83.77999999999999,88.25040630191566
2022-01-10,82.78,83.77999999999999,87.78867813616992
2022-01-11,83.88000000000001,82.59,89.25357276260854
2022-01-12,82.49,82.98,86.92991543561222
2022-01-13,84.27,83.38,86.6667931714654
2022-01-14,82.49,81.89,85.96267847776414
2022-01-17,83.68,87.75,86.39933716177941
2022-01-18,92.12,92.32,89.3798111781478
2022-01-19,91.33,93.32,91.72463808238507
2022-01-20,92.92,90.93,92.7892373687029
2022-01-21,91.02999999999999,88.25,90.17507914185525
2022-01-24,88.55,88.45,89.0537073224783
2022-01-25,87.95000000000002,79.8,88.54183552831412
2022-01-26,79.89999999999999,75.93,84.1153646284342
2022-01-27,76.13,70.06000000000002,82.58152659475805
2022-01-28,70.56,70.46,78.30795900762082
2022-02-07,72.15,71.65,74.62370617449284
2022-02-08,71.16,73.14000000000001,73.274259916842
2022-02-09,73.54,76.52,73.55018748939038
2022-02-10,75.83,75.33000000000001,76.30209724694491
2022-02-11,75.33,74.73,76.79316333055498
2022-02-14,73.74,74.24,74.33710984408856
2022-02-15,74.24,74.44,73.18309731692077
2022-02-16,75.33,74.54,73.86397119224073
2022-02-17,73.54,73.14000000000001,75.09141481578351
2022-02-18,76.03,78.71000000000001,75.01521739959718
2022-02-21,82.78,84.67,79.41847547084095
2022-02-22,81.39,81.39,86.72688715428114
2022-02-23,81.39,81.99,85.29850515037776
2022-02-24,81.09,79.20999999999998,85.44621636539699
2022-02-25,80.4,79.7,82.22052885681391
2022-02-28,80.9,80.3,82.76382380485535
2022-03-01,80.9,81.39,81.87720197796823
2022-03-02,80.3,80.5,82.28105201572181
2022-03-03,80.59999999999998,78.51,82.81164428442717
2022-03-04,77.72,77.02000000000001,81.04834165513516
2022-03-07,76.92,79.7,79.50690440565349
2022-03-08,78.51,75.13000000000001,80.34843008816243
2022-03-09,74.83,75.13000000000001,77.5670471289754
2022-03-10,76.32,73.94000000000001,75.30938029110433
2022-03-11,72.45,75.03,73.14060421884061
2022-03-14,75.53,73.05,71.56450167000294
2022-03-15,72.25,69.96,71.84263110250235
2022-03-16,71.06,72.65000000000002,69.20003062963487
2022-03-17,73.24,73.05,70.59371934443713
2022-03-18,72.65,72.95000000000002,71.2718595546484
2022-03-21,72.45,71.65,71.45910628467799
2022-03-22,71.46,71.95000000000002,71.28774839997293
2022-03-23,71.75,71.85,72.01437151372434
2022-03-24,71.65,70.36,72.50976201295853
2022-03-25,71.16,69.77,71.98281774103643
2022-03-28,70.56,75.53,70.02711360365153
2022-03-29,73.05,72.15,76.39664660602809
2022-03-30,71.85,71.85,74.68946341574193
2022-03-31,70.06,69.57000000000001,72.18634983778001
2022-04-01,68.87,68.77,70.82289471268655
2022-04-06,68.77,69.57000000000001,70.33375992149115
2022-04-07,69.47,67.98,70.7382397285104
2022-04-08,68.08,65.79,68.8813673812151
2022-04-11,65.69,62.50999999999999,67.84991261810065
2022-04-12,63.11,64.8,65.98515649259092
2022-04-13,64.6,63.11,66.34987686663867
2022-04-14,63.9,63.41,65.22629385739566
2022-04-15,63.21,62.21,65.12692093223335
2022-04-18,61.32,61.72,64.76722005248071
2022-04-19,61.92000000000001,61.72,64.3857431510091
2022-04-20,62.209999999999994,61.02,62.40965314924718
2022-04-21,60.13,56.949999999999996,62.83736444473267
2022-04-22,56.75,56.15,61.088341250419624
2022-04-25,55.66,50.68999999999999,59.672755225002774
2022-04-26,51.080000000000005,49.589999999999996,56.40650357827545
2022-04-27,49.20000000000001,51.68,54.23181467235089
2022-04-28,53.67,51.48,54.4698394650221
2022-04-29,52.28,54.07,54.61323792681099
2022-05-05,54.660000000000004,55.66,56.360420795381074
2022-05-06,53.77,57.34,56.64070077329875
2022-05-09,57.15,57.05,59.12946027696133
2022-05-10,56.15,58.63999999999999,59.04352942690254
2022-05-11,58.74000000000001,58.24,58.710582078546295
2022-05-12,58.04,58.84,58.63787405058742
2022-05-13,58.64,59.03,58.814179122746
2022-05-16,59.33,58.84,59.01967050164939
2022-05-17,58.93,59.13,59.898641798198234
2022-05-18,59.73,60.13,59.89609706386925
2022-05-19,59.029999999999994,59.63,62.78082515954972
2022-05-20,59.93,60.03,62.370357879549275
2022-05-23,60.03,61.72,61.70994217544795
2022-05-24,61.72,57.84,63.28224278390408
2022-05-25,57.84,63.51,59.752815226018434
2022-05-26,62.51,65.20000000000002,62.98702561199666
2022-05-27,64.1,63.11,67.01561761975289
2022-05-30,62.60999999999999,62.81,65.98712510466576
2022-05-31,62.91,62.91,63.53160342335702
2022-06-01,62.91,63.11,63.096087653934966
2022-06-02,63.51,64.00000000000001,63.194410963654526
2022-06-06,63.61,64.70000000000002,63.896603694856175
2022-06-07,64.9,64.4,64.78383196622134
2022-06-08,64.9,66.29,64.7144080683589
2022-06-09,65.59,63.210000000000015,66.2482554319501
2022-06-10,62.81,63.01,65.08135829210282
2022-06-13,62.60999999999999,65.00000000000001,64.33465253621341
2022-06-14,64.1,64.6,64.99634410619737
2022-06-15,64.6,64.50000000000001,66.46841343730689
2022-06-16,64.6,64.9,63.77108834773303
2022-06-17,64.4,63.80000000000001,63.718113090097916
2022-06-20,65.69,67.58,64.67534837901593
2022-06-21,66.49,65.20000000000002,69.34861419171095
2022-06-22,64.4,62.91,68.80104614257813
2022-06-23,62.91,64.9,65.34478844344616
2022-06-24,65.2,65.29,65.20795124441386
2022-06-27,65.0,64.6,65.5974658676982
2022-06-28,64.3,65.29,65.7580010509491
2022-06-29,65.29,65.20000000000002,65.81008063673974
2022-06-30,65.0,65.20000000000002,67.11807874679566
2022-07-01,65.0,64.50000000000001,67.03502850800753
2022-07-04,64.7,64.6,65.38526627987623
2022-07-05,64.6,63.210000000000015,65.59055706560612
2022-07-06,63.21,62.11,64.75086471140385
2022-07-07,62.41,62.81,63.73145020365716
2022-07-08,62.81,63.61,64.05662573277951
2022-07-11,63.11,62.11,63.27672413915396
2022-07-12,62.209999999999994,60.92000000000001,63.76613882780076
2022-07-13,61.32,61.62,63.309775363206874
2022-07-14,61.12,62.02,62.07525966405869
2022-07-15,61.62,59.83,62.50430513739587
2022-07-18,59.82999999999999,63.01,61.53944497540594
2022-07-19,63.61,69.17,63.710672482848175
2022-07-20,70.06,69.57000000000001,70.90956029355527
2022-07-21,68.47,68.47,76.13401882737875
2022-07-22,68.87,66.98,74.08791714310647
2022-07-25,67.78,68.18,70.03574844002725
2022-07-26,67.78,67.88000000000001,70.01329599946739
2022-07-27,67.98,69.17,69.69858863502742
2022-07-28,70.56,68.67,70.30355432152749
2022-07-29,68.67,69.27,70.69586325436832
2022-08-01,68.87,69.17,71.41575483441353
2022-08-02,68.08,66.79,71.62170804411174
2022-08-03,66.69,66.19000000000001,68.6766737100482
2022-08-04,66.69,68.37000000000002,67.7167234158516
2022-08-05,68.87,70.16,69.55824805289508
2022-08-08,70.06,71.06,70.41475291401149
2022-08-09,70.86,70.36,70.49541002959013
2022-08-10,70.26,69.27,70.30298053175211
2022-08-11,69.87,70.06000000000002,69.57600288122893
2022-08-12,69.87,70.36,70.36950749099256
2022-08-15,70.36,69.47,70.44592882514
2022-08-16,69.87,69.17,70.03574377506972
2022-08-17,69.37,69.96,68.6103333491087
2022-08-18,69.77,71.16,69.48431780606509
2022-08-19,71.36,69.77,70.92175449252129
2022-08-22,68.57,70.16,71.74475562870504
2022-08-23,70.16,71.65,72.90633005201818
2022-08-24,71.36,67.48,73.2708031833172
2022-08-25,68.08,66.98,68.65591931402685
2022-08-26,67.58,67.18,66.56967567026616
2022-08-29,66.88,65.49000000000001,65.88058213979006
2022-08-30,65.29,67.28,65.39172724604607
2022-08-31,67.08,65.59,67.15138654351236
2022-09-01,66.98,72.05,65.8161870661378
2022-09-02,74.04,72.55,70.2310235619545
2022-09-05,71.26,71.65,76.24903802007438
2022-09-06,71.26,71.46,75.00167969286443
2022-09-07,71.06,69.57000000000001,71.64871814817191
2022-09-08,69.57,67.88000000000001,69.41806607931854
2022-09-09,67.88,68.28,68.50435950905086
2022-09-13,68.28,67.58,67.64201412111521
2022-09-14,66.79,67.38000000000001,66.52569911569358
2022-09-15,67.78,65.1,67.61710791289808
2022-09-16,64.7,64.30000000000001,65.86208091825247
2022-09-19,64.3,62.11,64.53392552673817
2022-09-20,62.41,62.71,63.260858618617064
2022-09-21,62.91,63.31000000000002,62.37607245251537
2022-09-22,62.41,63.31000000000002,63.03216840595008
2022-09-23,63.11,61.22,60.47702655673028
2022-09-26,60.82,58.93,60.30996509790421
2022-09-27,59.13,61.12,59.48108145028353
2022-09-28,60.620000000000005,59.43,60.702192393988376
2022-09-29,60.13,58.63999999999999,59.94112090140582
2022-09-30,58.74000000000001,58.14,59.2053148187697
2022-10-10,58.14,57.05,58.24574471861125
2022-10-11,57.04999999999999,57.94,57.31954072713853
2022-10-12,57.440000000000005,61.42,57.29018181696535
2022-10-13,60.92,62.91,60.27597155243159
2022-10-14,62.209999999999994,63.51,61.991609978228816
2022-10-17,63.40999999999999,69.67,63.17723925501109
2022-10-18,72.05,67.88000000000001,66.26331857979298
2022-10-19,67.98,67.58,69.41593885868788
2022-10-20,67.48,68.67,68.31351609677077
2022-10-21,68.37,69.87,68.59303102165461
2022-10-24,69.67,70.06000000000002,71.12417166441679
2022-10-25,69.07,69.07000000000001,70.61430113703014
2022-10-26,68.97,71.06,69.14043113231659
2022-10-27,70.46,72.15,70.26931819826365
2022-10-28,71.46,70.66,74.41354517310859
2022-10-31,71.75,75.13000000000001,74.4436014944315
2022-11-01,76.72,76.92,75.91535360842944
2022-11-02,76.72,77.82000000000001,78.71328317195179
2022-11-03,76.32,75.43,79.6323544433713
2022-11-04,75.03,74.83,77.78448546409608
2022-11-07,75.13,74.04,74.0651241606474
2022-11-08,73.24,74.44,73.63340100169182
2022-11-09,73.34,73.94000000000001,75.21955186903477
2022-11-10,73.14,73.74,74.53713389277459
2022-11-11,75.43,74.14000000000001,73.48331998825074
2022-11-14,73.34,73.94000000000001,73.84141145765783
2022-11-15,73.05,76.72,74.59038904786111
2022-11-16,75.63,75.33000000000001,75.7404037064314
2022-11-17,76.03,77.52000000000001,75.57511026650668
2022-11-18,77.62,74.64000000000001,77.11617898434402
2022-11-21,73.74,74.73,74.84633660733701
2022-11-22,73.74,71.75000000000001,74.55792560845615
2022-11-23,71.65,71.26000000000002,70.8515981963277
2022-11-24,70.96,71.46,70.05994090974332
2022-11-25,71.06,70.06000000000002,69.94480509310962
2022-11-28,69.07,69.27,68.21364402115346
2022-11-29,69.07,71.36,67.07863653093577
2022-11-30,71.26,70.36,68.43374604701997
2022-12-01,70.76,72.15,68.07942852824927
2022-12-02,72.35,72.35,69.02270626425744
2022-12-05,72.05,73.44000000000001,70.21944513738156
2022-12-06,73.44,72.05,69.51554036676885
2022-12-07,72.05,71.65,69.32801373928787
2022-12-08,71.36,69.57000000000001,67.87183791846037
2022-12-09,69.57,68.47,67.97720064908268
2022-12-12,68.57,69.17,67.03602680891753
2022-12-13,68.97,66.09,67.6359356814623
2022-12-14,66.39,68.28,66.63562883973123
2022-12-15,67.88,68.67,68.65278912752868
2022-12-16,68.08,66.49,68.98424368947745
2022-12-19,66.98,65.69000000000001,67.08534007489682
2022-12-20,66.59,65.00000000000001,64.82151549309494
2022-12-21,64.8,64.9,64.37991661906243
2022-12-22,65.39,64.00000000000001,63.32621933847667
2022-12-23,63.9,65.00000000000001,62.9703787110746
2022-12-26,65.0,67.18,63.53666956722737
2022-12-27,67.08,66.88,65.94947889745237
2022-12-28,66.88,65.59,66.05762194275857
2022-12-29,65.49,65.1,65.397306535244
2022-12-30,65.69,67.38000000000001,64.99721178829671
2023-01-03,67.48,71.16,66.72006457090379
2023-01-04,71.36,72.95000000000002,70.97025605589153
2023-01-05,72.85,72.55,72.60231943517924
2023-01-06,72.45,71.55,71.56626035898925
2023-01-09,71.75,71.85,71.02887124717236
2023-01-10,71.75,73.24,71.56835958987476
2023-01-11,72.95,71.55,74.0167672109604
2023-01-12,74.14,71.85,73.08422820717097
2023-01-13,71.55,70.86,74.77687538981439
2023-01-16,71.06,72.95000000000002,73.92420978873969
2023-01-17,72.55,72.15,72.28616593390704
2023-01-18,72.25,73.05,72.35272088289261
2023-01-19,72.65,74.54,73.78414910405876
2023-01-20,75.03,74.73,75.74604364007712
2023-01-30,70.96,71.85,75.65209139555694
2023-01-31,71.85,71.36,72.22155160725117
2023-02-01,71.36,74.93,70.56536106765272
2023-02-02,75.13,74.64000000000001,73.3590268599987
2023-02-03,74.64,77.02000000000001,75.28324253410102
2023-02-06,78.51,78.01000000000002,76.71671400666237
2023-02-07,76.42,77.42,78.43927289694548
2023-02-08,78.51,77.42,79.3400388750434
2023-02-09,76.92,80.5,78.98389735788108
2023-02-10,80.4,79.8,82.3086452394724
2023-02-13,78.81,84.77,81.97422842949629
2023-02-14,83.98000000000002,83.28000000000002,83.7058373373747
2023-02-15,85.46999999999998,86.36,83.38297562718392
2023-02-16,86.76,91.33,81.02045453906061
2023-02-17,98.87999999999998,95.7,76.64974387645722
2023-02-20,100.37,105.14,77.76394099116327
2023-02-21,107.63000000000001,102.36,76.72845570474864
2023-02-22,104.45,106.43,76.553384513855
2023-02-23,103.35,95.9,79.30242998749019
2023-02-24,99.88,105.34,73.22089746773244
2023-02-27,110.21,109.12,81.36131832033396
2023-02-28,112.10000000000001,107.83,85.39496247708799
2023-03-01,105.74,110.41,80.20548645973207
2023-03-02,108.22000000000001,111.2,79.83607313841583
2023-03-03,107.83000000000003,118.66,84.8631293296814
2023-03-06,116.87,116.27,89.34245419830084
2023-03-07,114.68,114.98,89.07189132690431
2023-03-08,113.09000000000002,113.59,90.24537072181703
2023-03-09,112.4,110.01000000000002,95.18103573024274
2023-03-10,107.23,103.05999999999999,92.7956143656373
2023-03-13,102.06,106.83,87.14216167300941
2023-03-14,105.44,102.56000000000002,88.64657781958581
2023-03-15,104.84000000000002,100.47,87.63374090194704
2023-03-16,99.98,99.58,89.80080493479969
2023-03-17,101.07,105.44,86.52973205447198
2023-03-20,110.71000000000001,107.23,86.48654854267836
2023-03-21,107.73000000000002,111.6,86.2222553741932
2023-03-22,111.30000000000001,122.63,91.1232877379656
2023-03-23,125.71000000000001,128.3,92.84041661769153
2023-03-24,127.0,141.02,93.22369419276716
2023-03-27,150.46000000000004,154.93,103.45205206871034
2023-03-28,154.93000000000004,159.7,112.58023569226266
2023-03-29,160.29,157.21,113.51895576477052
2023-03-30,156.82,157.11000000000004,114.3634250354767
2023-03-31,155.03,155.72,119.25860754251481
2023-04-03,159.2,168.24,116.01749768435955
2023-04-04,162.48,157.21,121.24169964551926
2023-04-06,150.56,149.46,120.83345988273622
2023-04-07,149.66,150.16,120.43757292747499
2023-04-10,145.59000000000003,135.25,130.38542690753937
2023-04-11,136.84000000000003,143.6,118.977898388505
2023-04-12,142.71,143.7,126.85292514264584
2023-04-13,142.01000000000002,137.64,129.69801742672922
2023-04-14,137.74000000000004,135.15,132.09874451696874
2023-04-17,134.76,135.85,128.0402594614029
2023-04-18,135.95,142.9,129.83773290455343
2023-04-19,140.62,153.54,133.1794938862324
2023-04-20,156.12,157.51,138.12753036201002
2023-04-21,152.54000000000002,142.11,144.53431771516802
2023-04-24,137.14000000000001,136.25,136.24900794684888
2023-04-25,136.44000000000003,139.13,130.3354558825493
2023-04-26,135.65000000000003,125.41,130.87265373110773
2023-04-27,120.64000000000003,116.67,123.55406311035158
2023-04-28,116.87,122.04,113.30234312713148
2023-05-04,120.94000000000001,128.3,115.21010549604894
2023-05-05,125.51000000000002,126.61,116.52804929554463
2023-05-08,129.69000000000003,128.4,121.32341104149819
2023-05-09,122.23,120.74,121.968583996892
2023-05-10,120.35000000000001,121.74,116.9646053504944
2023-05-11,121.64,115.87,117.1086965584755
2023-05-12,115.18,118.76,112.45800447523595
2023-05-15,119.95,120.14999999999999,111.57534786224366
2023-05-16,118.05999999999999,113.29,112.93446457684041
2023-05-17,112.4,124.51999999999998,111.59292542219163
2023-05-18,124.72,129.99,117.47190082132818
2023-05-19,130.68,127.39999999999999,119.91095520257952
2023-05-22,124.52000000000002,122.14,122.26747715532781
2023-05-23,119.75000000000003,117.06999999999998,119.41277505874635
2023-05-24,117.76,117.96,113.05468053221703
2023-05-25,122.53,122.43,112.15296290278435
2023-05-26,121.64,134.56,116.30150029838086
2023-05-29,138.73,142.51,126.15083970546723
2023-05-30,139.23,144.39,133.98383519232274
2023-05-31,144.49000000000004,143.5,133.54339789271356
2023-06-01,139.62000000000003,146.28,138.75402482748032
2023-06-02,146.58,143.1,133.1621309143305
2023-06-05,147.48,150.46,138.97255009770396
2023-06-06,147.28,141.21,140.34924437224865
2023-06-07,144.1,146.28,136.42022121787073
2023-06-08,142.31,160.79,137.91580659985544
2023-06-09,170.33000000000004,176.69,148.75839010298253
2023-06-12,194.18,194.18,165.85228725492956
2023-06-13,201.33,191.19999999999996,182.8277971148491
2023-06-14,180.36999999999998,187.72,170.8873718380928
2023-06-15,178.48,188.62,129.99455944657328
2023-06-16,186.33,193.38,151.92062485933306
2023-06-19,189.81,191.4,171.19240408062936
2023-06-20,188.32,204.21999999999997,179.65543940067292
2023-06-21,206.5,201.33,162.732606241107
2023-06-26,196.27,182.16,189.33593533515932
2023-06-27,188.02,200.24,174.81948319435122
2023-06-28,202.23,203.21999999999997,188.87440309762957
2023-06-29,205.31,193.19,185.68555009365085
2023-06-30,187.42,193.38,181.74466861724855
2023-07-03,193.38,194.88,189.01549007296563
2023-07-04,191.3,207.69,188.27672873973847
2023-07-05,205.31,198.06,186.1405327308178
2023-07-06,196.17,217.73,203.41830384850505
2023-07-07,228.17,208.29000000000002,209.94429952621462
2023-07-10,216.14000000000001,212.07,197.71050440073014
2023-07-11,206.3,224.59,208.2944533288479
2023-07-12,224.99,219.02,196.19797589302064
2023-07-13,226.97,220.02000000000004,218.762375433445
2023-07-14,214.15,208.78999999999996,212.11132157444956
2023-07-17,203.02,194.78,202.47241840124133
2023-07-18,194.88,188.12,206.0186817908287
2023-07-19,188.32,182.85,190.75512737274173
2023-07-20,182.85000000000002,179.57,186.8877283072472
2023-07-21,179.37,174.01,179.2852656912804
2023-07-24,171.13,178.98,173.796168782115
2023-07-25,180.47,184.43999999999997,174.70792540013792
2023-07-26,175.4,169.34,182.1072664356232
2023-07-27,173.81,173.41,171.28193394541742
2023-07-28,170.83,170.13,174.60580947995186
2023-07-31,171.41999999999996,177.09,165.4530135405064
2023-08-01,177.18999999999997,179.77000000000004,165.32287988543513
2023-08-02,178.18000000000004,188.31999999999996,172.51402386665345
2023-08-03,184.64,184.54,178.70125032901765
2023-08-04,183.05000000000004,184.64,178.743477524519
2023-08-07,185.73,181.16,176.69684870004656
2023-08-08,179.27,175.8,175.2614599299431
2023-08-09,174.4,170.43,172.18294250130654
2023-08-10,163.76999999999998,162.08,168.78764646708967
2023-08-11,163.47,156.82,162.22107498884202
2023-08-14,154.53,166.26,154.4328164446354
2023-08-15,166.46,162.48,159.47751084029676
2023-08-16,162.38,156.62,161.43225866138937
2023-08-17,156.02,159.30000000000004,153.6897726804018
2023-08-18,159.2,152.34,154.24479999661446
2023-08-21,152.24,156.22,148.57939568281174
2023-08-22,159.7,164.67,150.72785120010377
2023-08-23,161.49000000000004,154.53,155.47065753459933
2023-08-24,158.51,153.64,151.60469527602197
2023-08-25,150.56,142.41,148.44419588387015
2023-08-28,151.35,143.9,141.80098848342897
2023-08-29,143.8,148.97,139.64605800509455
2023-08-30,151.65,163.67,142.09087827384474
2023-08-31,170.53,168.34,156.2389573788643
2023-09-01,167.55,170.43,162.15897507429125
2023-09-04,173.41,187.32000000000002,162.35158184051514
2023-09-05,188.22,183.55,172.00559947609904
2023-09-06,183.55,190.8,162.47958827495577
2023-09-07,183.35,184.34,169.3480851340294
2023-09-08,182.75,182.45,176.11662128329277
2023-09-11,180.96,184.43999999999997,171.79425824046137
2023-09-12,184.44,192.49,173.4122614377737
2023-09-13,185.83,184.14,175.14072149932386
2023-09-14,181.76,182.35,174.9181750357151
2023-09-15,182.16,175.99,176.3406791931391
2023-09-18,173.11,176.69,170.15657825231554
2023-09-19,174.4,170.03,172.3464212727547
2023-09-20,178.58,182.06,165.45870478868486
2023-09-21,175.2,183.35,169.210133010149
2023-09-22,181.35999999999999,190.21,174.1302450501919
2023-09-25,191.0,188.42,178.3805531591177
2023-09-26,184.74,181.16,178.20823895812035
2023-09-27,179.57,178.08000000000004,174.22630585551263
2023-09-28,178.08,178.58000000000004,173.49740624248983
2023-10-09,178.18000000000004,188.91,173.2372602212429
2023-10-10,188.81,196.76,178.72258784472945
2023-10-11,193.29,193.38,183.9376091694832
2023-10-12,195.47,191.89000000000001,185.8506149506569
2023-10-13,190.5,188.81,186.653510119915
2023-10-16,186.63,197.76,184.24695183277132
2023-10-17,203.72,191.5,186.8002323639393
2023-10-18,198.25,200.84,187.34244970679285
2023-10-19,195.37,187.12,188.9095582175255
2023-10-20,180.36999999999998,171.32,184.12965614080431
2023-10-23,168.54,160.99000000000004,171.23354900598528
2023-10-24,160.99,162.78,163.36452138721944
2023-10-25,163.47,170.93,161.57944740116596
2023-10-26,168.94,169.64,166.91251081109047
2023-10-27,167.44999999999996,167.75000000000003,169.05064744234087
2023-10-30,166.46,173.21,162.35654535531998
2023-10-31,173.31000000000003,169.34,164.45637335538865
2023-11-01,167.35,164.47,166.9905648803711
2023-11-02,163.56999999999996,161.29,162.9889923065901
2023-11-03,162.98000000000002,162.48,158.91907810509207
2023-11-06,162.68,168.34,156.12974139332772
2023-11-07,166.85,173.61,161.08998139798643
2023-11-08,176.39,174.21,167.52752015113833
2023-11-09,172.51999999999998,180.37,172.29952911973
2023-11-10,175.2,171.72,178.1700609457493
2023-11-13,171.92,176.89,179.1216003215313
2023-11-14,175.90000000000003,182.74999999999997,172.77338617503645
2023-11-15,184.24,178.38,174.1675087308884
2023-11-16,176.79,183.65000000000003,174.76968943774702
2023-11-17,182.45,184.64,177.49950129151347
2023-11-20,184.84,183.45,180.38897598147395
2023-11-21,183.65,178.48,176.85944112956525
2023-11-22,177.18999999999997,174.5,173.67577555835248
2023-11-23,173.91,175.4,172.42721833705903
2023-11-24,174.9,168.74,171.32124087750913
2023-11-27,167.95,169.64,167.05242221713067
2023-11-28,169.73,168.44,166.49855181038382
2023-11-29,168.24,168.84,165.28186557888986
2023-11-30,168.94,165.46,164.47862520277502
2023-12-01,165.36,169.83,164.83303135573865
2023-12-04,169.83,168.74,166.83650932312014
2023-12-05,168.43999999999997,163.08,164.75910110890868
2023-12-06,162.28000000000003,163.17999999999998,161.24663067162038
2023-12-07,163.47,165.76,158.42262399554255
2023-12-08,165.96,169.73000000000002,160.76484318852425
2023-12-11,170.33000000000004,170.13,165.91413526177408
2023-12-12,170.43,169.44000000000003,167.0647190451622
2023-12-13,168.54,166.16,165.9048893159628
2023-12-14,166.55,163.37,162.04710006296636
2023-12-15,163.18000000000004,162.68000000000004,161.25269511640073
2023-12-18,162.28000000000003,158.7,158.93695422232153
2023-12-19,158.70000000000002,159.5,155.84160562694075
2023-12-20,159.7,151.65,156.74079484939577
2023-12-21,150.65,154.43,152.6948305398226
2023-12-22,153.54,147.18,153.0408397692442
2023-12-25,146.58,147.57,148.08410781264305
2023-12-26,147.57,142.31,148.9018562066555
2023-12-27,143.1,146.78,144.36857177436352
2023-12-28,145.98000000000002,148.27,146.48803924560548
2023-12-29,147.57,150.95,144.28725223481658
2024-01-02,150.16,147.97,147.52427559018136
2024-01-03,147.77,148.87,146.3788232600689
2024-01-04,148.77000000000004,152.24,146.92055544734004
2024-01-05,150.56,147.08,150.6548819345236
2024-01-08,144.59,142.51,146.9103018707037
2024-01-09,143.4,140.42,141.635541099906
2024-01-10,139.72,136.05,139.37677799701692
2024-01-11,136.15,144.39,137.26648183226587
2024-01-12,143.50000000000003,141.02,142.307733489275
2024-01-15,140.62,141.21,143.57130254387857
2024-01-16,141.71000000000004,139.72,140.49144160747528
2024-01-17,139.23,137.74,139.24113969206812
2024-01-18,135.35,138.93,136.02299075484277
2024-01-19,138.53,133.66,134.60703619778158
2024-01-22,133.66,126.31,132.28417657852174
2024-01-23,125.71000000000001,130.18,127.88255590736867
2024-01-24,130.18,129.69,129.21452256917954
2024-01-25,130.18,134.76,126.70659475505353
2024-01-26,133.66,132.67,131.47123309075835
2024-01-29,132.47000000000003,127.6,132.46133300542832
2024-01-30,127.20000000000002,123.03,129.49262867689134
2024-01-31,122.73000000000002,116.07000000000001,126.45686091899873
2024-02-01,115.78000000000003,117.27000000000001,118.57030238986016
2024-02-02,117.37000000000002,110.71,118.94088661551477
2024-02-05,109.32000000000001,101.47,112.67254587173463
2024-02-06,99.58,106.63,106.0556021821499
2024-02-07,107.63000000000001,112.6,104.81813822984697
2024-02-08,112.99000000000001,118.56,107.8862621331215
2024-02-19,126.21000000000001,130.28,115.76232450783253
2024-02-20,135.15000000000003,133.76,126.87257394373418
2024-02-21,131.87,132.77,131.19614987552168
2024-02-22,136.15,141.71,130.15005181074145
2024-02-23,143.4,144.49,135.3716880452633
2024-02-26,144.79,145.39,140.41494563400747
2024-02-27,143.6,155.03,142.08836852669717
2024-02-28,153.54,142.41,150.07243399798872
2024-02-29,140.62,149.36,144.11090751051904
2024-03-01,150.56,157.11000000000004,145.97395159661772
2024-03-04,162.78,160.69,150.9398455297947
2024-03-05,157.11,157.81,157.26252369880677
2024-03-06,154.33,156.42,156.47139355242254
2024-03-07,157.31,153.64,154.95573952317238
2024-03-08,152.54000000000002,154.83,152.98849894583228
2024-03-11,152.34000000000003,170.13,153.4717232358456
2024-03-12,173.41,169.73000000000002,164.19967007279396
2024-03-13,172.62,170.43,167.65878272593022
2024-03-14,166.46,168.05,168.96850687026978
2024-03-15,166.46,167.65,166.25530226528645
2024-03-18,167.85,169.93,165.230737644434
2024-03-19,168.43999999999997,170.33,165.50645529389382
2024-03-20,168.43999999999997,169.24,171.36691081166268
2024-03-21,169.24,169.34,169.3373557317257
2024-03-22,169.33999999999997,165.46,167.2801187938452
2024-03-25,165.56,160.0,162.74985725402834
2024-03-26,158.70000000000002,155.42,161.49824915051462
2024-03-27,154.93000000000004,145.19,159.52542928397656
2024-03-28,145.19000000000003,152.64,151.81876084685328
2024-03-29,151.65,150.56,154.15101569056512
2024-04-01,153.74,156.32,148.31366104245188
2024-04-02,156.12,151.35,152.6237365871668
2024-04-03,150.56,147.48,151.1636608618498
2024-04-08,147.18,149.76,149.7654518032074
2024-04-09,147.97,147.57,150.4990070438385
2024-04-10,146.48,143.8,148.95526997029782
2024-04-11,142.11,145.09,144.77822035431862
2024-04-12,145.39000000000001,142.9,145.50767043232918
2024-04-15,141.41,138.43,143.16272690415383
2024-04-16,136.54,128.79,138.6697383749485
2024-04-17,130.78000000000003,136.64,133.96093958079817
2024-04-18,135.95,135.85,137.26734018445015
2024-04-19,135.85000000000002,132.87,136.2761486697197
2024-04-22,128.3,129.79,132.2394303059578
2024-04-23,130.38,130.38,130.9838663184643
2024-04-24,131.38,135.45,129.15719957113268
2024-04-25,133.86,132.97,134.2476105505228
2024-04-26,131.38,138.03,134.50996776163578
2024-04-29,138.43,142.21,136.14036108613016
2024-04-30,143.1,141.91,139.8558971244097
2024-05-06,144.1,141.81,140.47095311403277
2024-05-07,141.61,140.42,141.19068142056466
2024-05-08,130.98000000000002,129.09,141.55845734179022
2024-05-09,128.3,128.99,133.99790470421314
2024-05-10,128.99000000000004,124.02000000000001,133.7766924184561
2024-05-13,122.73000000000002,121.04,124.98308887839319
2024-05-14,121.74000000000001,123.73,122.6255313050747
2024-05-15,123.53000000000002,122.04,123.28786197423936
2024-05-16,122.23,123.73,122.54721599817277
2024-05-17,123.53000000000002,125.01999999999998,122.82496756911279
2024-05-20,128.00000000000003,127.2,122.34621230840685
2024-05-21,126.80999999999999,125.61,125.5284970521927
2024-05-22,125.02,126.70999999999998,124.32176584005357
2024-05-23,127.0,123.23,124.03460038483144
2024-05-24,123.43,120.94,123.13788358986379
2024-05-27,120.05000000000001,121.13999999999999,121.33602508664133
2024-05-28,120.55000000000003,118.56,120.67726777493955
2024-05-29,118.56,118.56,121.0354525434971
2024-05-30,116.57000000000002,118.26,119.73850105285646
2024-05-31,119.05,120.64000000000001,120.04947645127774
2024-06-03,120.84,119.95,122.46542996287347
2024-06-04,119.75000000000003,119.35,120.03085394084455
2024-06-05,119.75000000000003,119.15,120.25306452751161
2024-06-06,118.16,114.38000000000001,119.15213455200197
2024-06-07,114.28,114.78,115.32277355015279
2024-06-11,113.18999999999998,116.97,114.61889676928521
2024-06-12,116.57000000000002,119.44999999999999,117.1936174452305
2024-06-13,119.75000000000003,119.25,120.69696322560311
2024-06-14,118.46,122.53,121.49546400487424
2024-06-17,120.15000000000002,121.04,123.57832088947298
2024-06-18,121.04000000000002,123.33,122.7248016011715
2024-06-19,124.32000000000001,122.82999999999998,125.71577643692494
2024-06-20,122.53,118.96000000000001,124.9130958557129
2024-06-21,118.26,120.05,121.60066812694073
2024-06-24,118.56,113.29,122.1041010129452
2024-06-25,113.28999999999999,109.22,116.65362062215806
2024-06-26,110.11000000000003,114.19,111.28718410611154
2024-06-27,112.60000000000002,111.1,114.73065049171448
2024-06-28,111.5,111.49999999999999,114.78749766409398
2024-07-01,112.69000000000001,111.49999999999999,114.6753427553177
2024-07-02,112.10000000000001,112.5,113.82041464984418
2024-07-03,112.50000000000001,110.41,114.15303545117379
2024-07-04,111.30000000000001,107.53,113.58262310504914
2024-07-05,106.83000000000001,107.53,110.38785493493081
2024-07-08,107.33000000000001,103.25,110.14298198461533
2024-07-09,103.25,106.53,105.30711907744409
2024-07-10,106.53000000000002,106.34,106.51221755445005
2024-07-11,107.63000000000001,108.22,107.68375632703305
2024-07-12,107.63000000000001,105.84,109.35800958216191
2024-07-15,104.35,103.85,109.7100272768736
2024-07-16,103.45,105.23999999999998,108.49192289829256
2024-07-17,105.23999999999998,102.56000000000002,105.6341046100855
2024-07-18,101.96,101.27,104.15111461341382
2024-07-19,100.77,103.75,101.42072430491449
2024-07-22,105.84,112.69000000000001,103.20333519339563
2024-07-23,110.41000000000001,107.53,109.24123636543752
2024-07-24,106.83000000000001,103.85,106.7691540849209
2024-07-25,103.35,102.96,103.50161257743837
2024-07-26,102.86,104.15,101.9417347508669
2024-07-29,103.85000000000002,104.25000000000001,104.20317553937436
2024-07-30,103.55,104.55,103.92326875805855
2024-07-31,104.65000000000002,108.42,104.9931674361229
2024-08-01,108.32,108.62,108.15123172044756
2024-08-02,107.73000000000002,106.04,110.21653903484345
2024-08-05,105.84,102.26,108.97368239164354
2024-08-06,103.35,104.15,104.29900309681894
2024-08-07,103.85000000000002,103.54999999999998,105.86979692399503
2024-08-08,106.43,103.95,106.1369683712721
2024-08-09,103.65,101.96,105.97297645449639
2024-08-12,101.86,100.07,101.33555151045323
2024-08-13,100.67,100.67,101.57630996823312
2024-08-14,100.97,102.06000000000002,103.06196832060814
2024-08-15,101.96,102.86,104.81190584659578
2024-08-16,103.35,103.54999999999998,104.97536595821381
2024-08-19,102.26000000000002,103.35,105.86307005524637
2024-08-20,103.16,99.17999999999999,105.39264640867711
2024-08-21,98.58,95.7,98.95541554272175
2024-08-22,95.80000000000001,99.08,95.99725401818753
2024-08-23,100.87,108.82,99.76041927278042
2024-08-26,112.79000000000002,113.99,108.0591454589367
2024-08-27,112.79000000000002,115.08,109.46549953341486
2024-08-28,112.3,112.20000000000002,110.95569222450257
2024-08-29,112.3,113.69,108.37830319285393
2024-08-30,116.47000000000001,119.35,106.48498353242876
2024-09-02,117.76,112.79,107.1352226316929
2024-09-03,112.3,123.92,104.40341417610647
2024-09-04,128.50000000000003,128.3,113.59566632628442
2024-09-05,125.22000000000001,124.82,116.55942579984666
2024-09-06,122.73000000000002,118.66,116.25255556404592
2024-09-09,118.76000000000002,114.68,111.12902338624002
2024-09-10,115.18,122.63,108.91175041556359
2024-09-11,119.55000000000001,117.96,112.78549382328988
2024-09-12,118.46,120.25,111.20820637524129
2024-09-13,118.96,123.13,110.44583102703096
2024-09-18,121.04000000000002,130.88,113.83363513946534
2024-09-19,129.59,126.81,120.57903309941292
2024-09-20,128.3,139.33,118.55263153076173
2024-09-23,141.51000000000002,147.18,126.30418618917466
2024-09-24,140.62,138.03,136.02511797547342
2024-09-25,135.45000000000002,145.79,127.48943993687631
2024-09-26,142.51,146.18,129.5864969521761
2024-09-27,144.49000000000004,150.85,136.83067217051985
2024-09-30,160.59000000000003,165.76,140.56061359763146
2024-10-08,182.16,182.16,150.61207628428937
2024-10-09,200.23999999999998,200.24,169.92462723433974
2024-10-10,205.21,190.3,170.69321630597116
2024-10-11,171.52,190.11,165.3812664937973
2024-10-14,186.33,208.99,180.74256110191345
2024-10-15,207.99,209.48000000000002,182.86819564700127
2024-10-16,200.23999999999998,210.47999999999996,187.48486153006556
2024-10-17,210.78,223.3,201.46586984634402
2024-10-18,218.72,223.1,202.34338567614557
2024-10-21,223.1,245.26,208.1269813537598
2024-10-22,269.6,252.60999999999999,229.12742589473726
2024-10-23,242.97,232.24,242.57295306682587
2024-10-24,223.1,248.93,236.71238559007645
2024-10-25,244.96000000000004,241.68,245.77475599288942
2024-10-28,242.77,248.14,247.16871994018555
2024-10-29,245.06,248.64,238.1500881791115
2024-10-30,242.97,265.83,242.93058737039567
2024-10-31,269.9,267.62,263.69662712574006
2024-11-01,259.86,240.98,276.1984147310257
2024-11-04,217.04000000000002,231.54,247.5172482466698
2024-11-05,231.54,254.6,233.86052911758424
2024-11-06,254.6,248.93,245.4205550980568
2024-11-07,242.97,245.46,244.56593487977983
2024-11-08,245.95,253.11,243.1595434856415
2024-11-11,253.11,255.89,239.40977598905565
2024-11-12,255.98999999999998,248.14,244.59765659093858
2024-11-13,246.75,243.67,241.58316103935243
2024-11-14,242.87,263.74,235.39681158900262
2024-11-15,261.75,250.33,242.2539446115494
2024-11-18,241.78000000000003,225.48,247.57274258136752
2024-11-19,210.18,223.2,230.5386501848698
2024-11-20,223.3,223.49,215.60636373043062
2024-11-21,222.6,224.59,215.28560125112534
2024-11-22,222.49999999999997,219.02,218.75640428781512
2024-11-25,215.15,212.96,215.63454007387162
2024-11-26,210.87,203.92,207.21501947760584
2024-11-27,202.03,206.8,203.50393380880357
2024-11-28,207.6,202.02999999999997,199.14147079110148
2024-11-29,201.53,203.02,195.05271016120912
2024-12-02,203.02,206.7,193.39987839102747
2024-12-03,206.7,204.21999999999997,198.35236523628237
2024-12-04,204.22,201.24000000000004,197.17134727001192
2024-12-05,200.23999999999998,206.3,193.35335943460467
2024-12-06,207.3,205.61,200.26540833711627
2024-12-09,205.71,206.01,202.50777877926828
2024-12-10,212.27,205.81000000000003,199.99142605185511
2024-12-11,203.32,206.9,196.60500276684763
2024-12-12,206.7,205.61,199.6583480846882
2024-12-13,204.12,200.14,197.77534731030465
2024-12-16,199.55,193.68,192.3968192243576
2024-12-17,192.18999999999997,187.32000000000002,189.22927574634554
2024-12-18,187.22,191.0,183.69034776091576
2024-12-19,189.20999999999998,193.98,187.85690122246743
2024-12-20,192.29,196.66,191.353641422987
2024-12-23,197.26,189.41,192.80058062791827
2024-12-24,189.00999999999996,189.41,188.57862613081934
2024-12-25,189.51,183.93999999999997,188.25209776401522
2024-12-26,183.94,189.41,177.39371871471405
2024-12-27,189.41,188.12,185.42897742986682
2024-12-30,188.12,191.6,186.0709315645695
2024-12-31,191.60000000000002,183.45,189.2872331786156
