date,total
2020-03-11,1000000.0
2020-03-12,1000000.0
2020-03-13,1000000.0
2020-03-16,1000000.0
2020-03-17,1000000.0
2020-03-18,1000000.0
2020-03-19,1000000.0
2020-03-20,1000000.0
2020-03-23,999805.0050000001
2020-03-24,1003581.0050000001
2020-03-25,1006745.4770000002
2020-03-26,1005884.6670000001
2020-03-27,1004940.6670000001
2020-03-30,1002049.6670000001
2020-03-31,1001258.2770000002
2020-04-01,995283.1430000003
2020-04-02,990784.1430000003
2020-04-03,1016413.1430000003
2020-04-07,1021993.1430000003
2020-04-08,1030164.5200000003
2020-04-09,1038672.5200000003
2020-04-10,1041627.9790000003
2020-04-13,1012748.9790000003
2020-04-14,1014642.9790000003
2020-04-15,1021318.9790000003
2020-04-16,1007528.9790000003
2020-04-17,806350.9790000003
2020-04-20,816527.9790000003
2020-04-21,817675.9790000003
2020-04-22,816293.9790000003
2020-04-23,821858.2260000004
2020-04-24,803058.2260000004
2020-04-27,800904.2260000004
2020-04-28,791573.2260000004
2020-04-29,778477.2260000004
2020-04-30,1024897.2260000004
2020-05-06,1006120.2260000004
2020-05-07,1042202.8610000004
2020-05-08,1049326.8610000005
2020-05-11,1055915.8610000005
2020-05-12,1059682.8610000005
2020-05-13,1061253.8610000005
2020-05-14,1070916.8610000005
2020-05-15,1068997.8610000005
2020-05-18,1079741.8610000005
2020-05-19,1076784.6840000004
2020-05-20,1072694.6840000004
2020-05-21,1058721.6840000004
2020-05-22,1050448.6840000004
2020-05-25,1037836.6840000004
2020-05-26,1047779.6840000006
2020-05-27,1053115.2530000005
2020-05-28,1043274.2530000005
2020-05-29,1044659.2530000005
2020-06-01,1049938.2530000005
2020-06-02,1057645.2530000005
2020-06-03,1053231.2530000005
2020-06-04,1058475.2530000005
2020-06-05,1067105.9410000006
2020-06-08,1053709.3470000005
2020-06-09,1036236.3470000005
2020-06-10,1037713.3470000005
2020-06-11,1044916.3470000005
2020-06-12,1020855.3470000005
2020-06-15,1028783.3470000005
2020-06-16,1028271.3470000005
2020-06-17,1053141.3280000004
2020-06-18,1035621.3280000004
2020-06-19,1033354.3280000004
2020-06-22,1033818.3280000004
2020-06-23,1027470.3280000004
2020-06-24,1028600.3280000004
2020-06-29,1025814.3280000004
2020-06-30,1047000.3280000004
2020-07-01,1054131.3280000004
2020-07-02,1061335.3280000004
2020-07-03,1069535.3280000004
2020-07-06,1073864.3280000004
2020-07-07,1103499.3280000004
2020-07-08,1107111.3280000004
2020-07-09,1146587.3280000004
2020-07-10,1200089.4180000005
2020-07-13,1184507.6530000004
2020-07-14,1201359.6530000004
2020-07-15,1191647.6530000004
2020-07-16,1186453.8850000005
2020-07-17,1172667.9910000004
2020-07-20,1178597.9910000004
2020-07-21,1199203.7190000005
2020-07-22,1195597.7190000005
2020-07-23,1206429.7190000005
2020-07-24,1241081.7190000005
2020-07-27,1175617.7190000005
2020-07-28,1190107.3900000004
2020-07-29,1198445.3900000004
2020-07-30,1238979.3900000004
2020-07-31,1228449.3900000004
2020-08-03,1259009.1900000004
2020-08-04,1261302.1900000004
2020-08-05,1239521.1900000004
2020-08-06,1252950.1900000004
2020-08-07,1253570.7600000005
2020-08-10,1238948.4100000004
2020-08-11,1245238.4100000004
2020-08-12,1234500.4100000004
2020-08-13,1228130.4100000004
2020-08-14,1224904.4100000004
2020-08-17,1229563.4100000004
2020-08-18,1245346.6820000005
2020-08-19,1246757.6820000005
2020-08-20,1218966.6820000005
2020-08-21,1234250.6820000005
2020-08-24,1220590.6820000005
2020-08-25,1214929.6820000005
2020-08-26,1200307.6820000005
2020-08-27,1177658.6820000005
2020-08-28,1174836.6820000005
2020-08-31,1211038.6820000005
2020-09-01,1196933.6820000005
2020-09-02,1184196.6820000005
2020-09-03,1188039.6820000005
2020-09-04,1150185.6820000005
2020-09-07,1171654.6820000005
2020-09-08,1169199.6820000005
2020-09-09,1170556.6820000005
2020-09-10,1180977.6820000005
2020-09-11,1138365.6820000005
2020-09-14,1158424.6820000005
2020-09-15,1163235.6820000005
2020-09-16,1146261.6820000005
2020-09-17,1151964.6820000005
2020-09-18,1157919.6820000005
2020-09-21,1172720.6820000005
2020-09-22,1154280.6820000005
2020-09-23,1143912.6820000005
2020-09-24,1147210.6820000005
2020-09-25,1135062.6820000005
2020-09-28,1116090.6820000005
2020-09-29,1101240.6820000005
2020-09-30,1115719.6820000005
2020-10-09,1139283.6820000005
2020-10-12,1155638.6820000005
2020-10-13,1184751.6000000006
2020-10-14,1184879.6000000006
2020-10-15,1187508.6000000006
2020-10-16,1164124.6000000006
2020-10-19,1165724.6000000006
2020-10-20,1157260.3910000005
2020-10-21,1180229.3910000005
2020-10-22,1126541.3910000005
2020-10-23,1125998.3910000005
2020-10-26,1113574.3910000005
2020-10-27,1112596.3910000005
2020-10-28,863253.3910000005
2020-10-29,1120362.3910000005
2020-10-30,1108708.3910000005
2020-11-02,1070753.3910000005
2020-11-03,1093938.3910000005
2020-11-04,1101600.3910000005
2020-11-05,1101339.3910000005
2020-11-06,1155090.3910000005
2020-11-09,1150166.3910000005
2020-11-10,1167117.3910000005
2020-11-11,1145351.3910000005
2020-11-12,1158821.3910000005
2020-11-13,1132091.3910000005
2020-11-16,1132305.3910000005
2020-11-17,1164876.3910000005
2020-11-18,1146380.3910000005
2020-11-19,1156010.3910000005
2020-11-20,1180599.3910000005
2020-11-23,1176025.3910000005
2020-11-24,1194141.3910000005
2020-11-25,1210513.3910000005
2020-11-26,1213313.3910000005
2020-11-27,1201968.3910000005
2020-11-30,1189182.3910000005
2020-12-01,1191987.3910000005
2020-12-02,1198394.3910000005
2020-12-03,1206460.3910000005
2020-12-04,1190208.3910000005
2020-12-07,1206587.3910000005
2020-12-08,1205855.3910000005
2020-12-09,1195159.3910000005
2020-12-10,1187341.3910000005
2020-12-11,1197227.3910000005
2020-12-14,1173294.3910000005
2020-12-15,1173686.3910000005
2020-12-16,1173156.3910000005
2020-12-17,1174630.5970000005
2020-12-18,1194100.5970000005
2020-12-21,1185259.5970000005
2020-12-22,1200107.5970000005
2020-12-23,1183261.5970000005
2020-12-24,1174947.5970000005
2020-12-25,1150329.5970000005
2020-12-28,1158773.5970000005
2020-12-29,1128942.5970000005
2020-12-30,1190265.8770000003
2020-12-31,1182512.1450000005
2021-01-04,1194026.1450000005
2021-01-05,1204703.1450000005
2021-01-06,1198536.1450000005
2021-01-07,1192901.1450000005
2021-01-08,1183199.2980000007
2021-01-11,1167809.2980000007
2021-01-12,1141940.2980000007
2021-01-13,1138015.2980000007
2021-01-14,1136712.2980000007
2021-01-15,1147968.2980000007
2021-01-18,1163315.2980000007
2021-01-19,1175158.2980000007
2021-01-20,1183279.2980000007
2021-01-21,1189120.2980000007
2021-01-22,1168129.2980000007
2021-01-25,1157481.2980000007
2021-01-26,1157417.2980000007
2021-01-27,1136564.2980000007
2021-01-28,1136021.2980000007
2021-01-29,1142202.2980000007
2021-02-01,1135592.2980000007
2021-02-02,1130836.2980000007
2021-02-03,1130682.2980000007
2021-02-04,1106966.8380000007
2021-02-05,1098241.9810000006
2021-02-08,1094758.9810000006
2021-02-09,1102494.9810000006
2021-02-10,1100279.9810000006
2021-02-18,1131828.0790000006
2021-02-19,1153206.5400000007
2021-02-22,1162331.6980000008
2021-02-23,1165413.0980000007
2021-02-24,1182378.0980000007
2021-02-25,1172645.0980000007
2021-02-26,1161505.9330000007
2021-03-01,1199065.9330000007
2021-03-02,1214970.9330000007
2021-03-03,1191671.9330000007
2021-03-04,1196061.9330000007
2021-03-05,1169849.4740000009
2021-03-08,1178721.4740000009
2021-03-09,1173787.4740000009
2021-03-10,1149757.4740000009
2021-03-11,1138312.4740000009
2021-03-12,1202913.4740000009
2021-03-15,1203144.4740000009
2021-03-16,1193100.4740000009
2021-03-17,1220447.4740000009
2021-03-18,1210153.4740000009
2021-03-19,1247645.4740000009
2021-03-22,1336586.4740000009
2021-03-23,1360505.4740000009
2021-03-24,1269046.9340000008
2021-03-25,1270221.9140000008
2021-03-26,1283980.9140000008
2021-03-29,1313987.9140000008
2021-03-30,1325378.9140000008
2021-03-31,1318484.9140000008
2021-04-01,1315434.9140000008
2021-04-02,1328772.9140000008
2021-04-06,1354563.9140000008
2021-04-07,1357259.9140000008
2021-04-08,1368575.2620000008
2021-04-09,1347336.9640000009
2021-04-12,1335263.9640000009
2021-04-13,1299584.9640000009
2021-04-14,1289994.9640000009
2021-04-15,1319942.9640000009
2021-04-16,1346097.9640000009
2021-04-19,1345177.9640000009
2021-04-20,1355994.9640000009
2021-04-21,1343756.9640000009
2021-04-22,1351857.9640000009
2021-04-23,1347138.9640000009
2021-04-26,1361497.9640000009
2021-04-27,1358078.9640000009
2021-04-28,1348502.9640000009
2021-04-29,1347146.9640000009
2021-04-30,1348023.9640000009
2021-05-06,1362469.9640000009
2021-05-07,1364815.9640000009
2021-05-10,1376285.9640000009
2021-05-11,1343047.9640000009
2021-05-12,1338915.9640000009
2021-05-13,1328335.9640000009
2021-05-14,1329116.9640000009
2021-05-17,1350105.9640000009
2021-05-18,1358739.9640000009
2021-05-19,1356573.9640000009
2021-05-20,1324843.9640000009
2021-05-21,1316400.9640000009
2021-05-24,1303516.9640000009
2021-05-25,1311138.9640000009
2021-05-26,1329818.9640000009
2021-05-27,1344177.9640000009
2021-05-28,1359290.9640000009
2021-05-31,1350937.9640000009
2021-06-01,1339909.9640000009
2021-06-02,1362175.9640000009
2021-06-03,1337321.9640000009
2021-06-04,1323014.9640000009
2021-06-07,1330023.9640000009
2021-06-08,1357664.9640000009
2021-06-09,1357625.9640000009
2021-06-10,1351621.9640000009
2021-06-11,1359094.9640000009
2021-06-15,1338788.9640000009
2021-06-16,1302284.9640000009
2021-06-17,1274530.9640000009
2021-06-18,1268845.9640000009
2021-06-21,1268042.9640000009
2021-06-22,1282366.9640000009
2021-06-23,1291305.9640000009
2021-06-24,1300243.9640000009
2021-06-25,1286887.9640000009
2021-06-28,1305215.9640000009
2021-06-29,1322141.9640000009
2021-06-30,1287412.9640000009
2021-07-01,1290784.9640000009
2021-07-02,1279956.9640000009
2021-07-05,1257260.9640000009
2021-07-06,1283302.9640000009
2021-07-07,1265992.9640000009
2021-07-08,1303086.9640000009
2021-07-09,1277465.9640000009
2021-07-12,1319617.9640000009
2021-07-13,1375675.9640000009
2021-07-14,1333128.9640000009
2021-07-15,1313584.9640000009
2021-07-16,1319388.9640000009
2021-07-19,1321610.9640000009
2021-07-20,1320536.0660000008
2021-07-21,1327762.946000001
2021-07-22,1319527.946000001
2021-07-23,1344950.946000001
2021-07-26,1344220.946000001
2021-07-27,1346358.946000001
2021-07-28,1322785.946000001
2021-07-29,1295122.946000001
2021-07-30,1316174.946000001
2021-08-02,1325070.946000001
2021-08-03,1390553.946000001
2021-08-04,1364448.946000001
2021-08-05,1378506.946000001
2021-08-06,1385956.946000001
2021-08-09,1404293.946000001
2021-08-10,1410624.946000001
2021-08-11,1420803.946000001
2021-08-12,1416761.946000001
2021-08-13,1438466.946000001
2021-08-16,1454895.946000001
2021-08-17,1435341.946000001
2021-08-18,1394307.946000001
2021-08-19,1387781.946000001
2021-08-20,1358964.946000001
2021-08-23,1353543.946000001
2021-08-24,1370316.946000001
2021-08-25,1388845.946000001
2021-08-26,1402597.946000001
2021-08-27,1395224.946000001
2021-08-30,1428743.946000001
2021-08-31,1425027.946000001
2021-09-01,1427651.946000001
2021-09-02,1390565.946000001
2021-09-03,1434851.946000001
2021-09-06,1437691.946000001
2021-09-07,1423554.946000001
2021-09-08,1434381.946000001
2021-09-09,1444241.946000001
2021-09-10,1482230.946000001
2021-09-13,1508245.946000001
2021-09-14,1502121.946000001
2021-09-15,1451328.946000001
2021-09-16,1484765.946000001
2021-09-17,1435414.946000001
2021-09-22,1407239.946000001
2021-09-23,1432398.946000001
2021-09-24,1413851.946000001
2021-09-27,1392563.946000001
2021-09-28,1318799.946000001
2021-09-29,1310385.946000001
2021-09-30,1286133.946000001
2021-10-08,1318422.946000001
2021-10-11,1343776.946000001
2021-10-12,1349805.946000001
2021-10-13,1340902.946000001
2021-10-14,1358300.946000001
2021-10-15,1362135.946000001
2021-10-18,1381963.946000001
2021-10-19,1371185.946000001
2021-10-20,1381602.946000001
2021-10-21,1373680.946000001
2021-10-22,1358423.946000001
2021-10-25,1338784.946000001
2021-10-26,1343912.946000001
2021-10-27,1335618.946000001
2021-10-28,1293226.946000001
2021-10-29,1266337.946000001
2021-11-01,1270039.946000001
2021-11-02,1284149.946000001
2021-11-03,1250011.946000001
2021-11-04,1255508.946000001
2021-11-05,1257832.946000001
2021-11-08,1253485.946000001
2021-11-09,1278248.946000001
2021-11-10,1278318.946000001
2021-11-11,1279642.946000001
2021-11-12,1297739.946000001
2021-11-15,1298112.946000001
2021-11-16,1301222.946000001
2021-11-17,1291067.946000001
2021-11-18,1301063.946000001
2021-11-19,1291817.946000001
2021-11-22,1309910.946000001
2021-11-23,1317682.946000001
2021-11-24,1328652.946000001
2021-11-25,1326989.946000001
2021-11-26,1319590.946000001
2021-11-29,1295993.946000001
2021-11-30,1301583.946000001
2021-12-01,1299715.946000001
2021-12-02,1321064.946000001
2021-12-03,1314954.946000001
2021-12-06,1322078.946000001
2021-12-07,1320285.946000001
2021-12-08,1318204.946000001
2021-12-09,1319298.946000001
2021-12-10,1321870.946000001
2021-12-13,1324591.946000001
2021-12-14,1334093.946000001
2021-12-15,1321999.946000001
2021-12-16,1318126.946000001
2021-12-17,1334134.946000001
2021-12-20,1329099.946000001
2021-12-21,1315959.946000001
2021-12-22,1340490.946000001
2021-12-23,1341880.946000001
2021-12-24,1353221.6320000007
2021-12-27,1317637.6320000007
2021-12-28,1330085.6320000007
2021-12-29,1337453.257000001
2021-12-30,1339180.977000001
2021-12-31,1343412.977000001
2022-01-04,1340618.977000001
2022-01-05,1361303.977000001
2022-01-06,1344309.9460000007
2022-01-07,1350431.9460000007
2022-01-10,1318135.9460000007
2022-01-11,1339413.9460000007
2022-01-12,1341493.9460000007
2022-01-13,1386552.9460000007
2022-01-14,1369153.9460000007
2022-01-17,1345765.9460000007
2022-01-18,1351571.9460000007
2022-01-19,1358855.9390000007
2022-01-20,1375230.9390000007
2022-01-21,1350282.9390000007
2022-01-24,1345097.9390000007
2022-01-25,1335752.0450000009
2022-01-26,1306134.0450000009
2022-01-27,1293323.0450000009
2022-01-28,1267083.0450000009
2022-02-07,1307563.0450000009
2022-02-08,1321264.0450000009
2022-02-09,1344905.0450000009
2022-02-10,1375686.0450000009
2022-02-11,1382813.0450000009
2022-02-14,1357580.0450000009
2022-02-15,1423978.0450000009
2022-02-16,1445606.0450000009
2022-02-17,1458482.0450000009
2022-02-18,1465352.2450000006
2022-02-21,1464656.2450000006
2022-02-22,1474534.7770000007
2022-02-23,1471969.7770000007
2022-02-24,1466191.7770000007
2022-02-25,1462027.7770000007
2022-02-28,1464179.2280000006
2022-03-01,1464693.2280000006
2022-03-02,1460354.2280000006
2022-03-03,1461662.2280000006
2022-03-04,1470650.0740000007
2022-03-07,1473055.5890000009
2022-03-08,1444089.5890000009
2022-03-09,1421218.5890000009
2022-03-10,1403972.5890000009
2022-03-11,1381733.5890000009
2022-03-14,1393081.5890000009
2022-03-15,1344250.5890000009
2022-03-16,1306779.5890000009
2022-03-17,1347015.5890000009
2022-03-18,1353341.5890000009
2022-03-21,1383014.5890000009
2022-03-22,1399798.5890000009
2022-03-23,1415257.5890000009
2022-03-24,1430279.5890000009
2022-03-25,1439919.6010000007
2022-03-28,1434933.6010000007
2022-03-29,1442053.6010000007
2022-03-30,1450432.6010000007
2022-03-31,1451885.6010000007
2022-04-01,1444258.6010000007
2022-04-06,1450334.9210000008
2022-04-07,1452675.9210000008
2022-04-08,1439218.9210000008
2022-04-11,1459921.9210000008
2022-04-12,1428099.9210000008
2022-04-13,1441536.9210000008
2022-04-14,1465805.9210000008
2022-04-15,1457612.9210000008
2022-04-18,1421134.9210000008
2022-04-19,1427976.9210000008
2022-04-20,1430153.9210000008
2022-04-21,1396803.9210000008
2022-04-22,1334272.9210000008
2022-04-25,1311594.9210000008
2022-04-26,1262423.9210000008
2022-04-27,1214702.9210000008
2022-04-28,1271600.9210000008
2022-04-29,1266537.9210000008
2022-05-05,1287045.9850000008
2022-05-06,1258071.4720000008
2022-05-09,1248902.4720000008
2022-05-10,1227488.4720000008
2022-05-11,1246642.4720000008
2022-05-12,1240976.4720000008
2022-05-13,1255348.4720000008
2022-05-16,1266513.4720000008
2022-05-17,1262526.4720000008
2022-05-18,1269360.4720000008
2022-05-19,1244375.4720000008
2022-05-20,1273912.4720000008
2022-05-23,1291397.4720000008
2022-05-24,1291988.4720000008
2022-05-25,1246813.4720000008
2022-05-26,1274166.4720000008
2022-05-27,1305749.4720000008
2022-05-30,1301688.797000001
2022-05-31,1307956.797000001
2022-06-01,1312285.797000001
2022-06-02,1302242.797000001
2022-06-06,1309917.797000001
2022-06-07,1337366.797000001
2022-06-08,1341615.2950000009
2022-06-09,1320707.1630000009
2022-06-10,1312226.2750000008
2022-06-13,1327323.7720000008
2022-06-14,1310712.7720000008
2022-06-15,1318423.7720000008
2022-06-16,1330329.7720000008
2022-06-17,1326079.7720000008
2022-06-20,1371448.7720000008
2022-06-21,1342207.7720000008
2022-06-22,1325899.7720000008
2022-06-23,1305681.7720000008
2022-06-24,1312494.7720000008
2022-06-27,1316343.7720000008
2022-06-28,1329717.7720000008
2022-06-29,1332366.6600000008
2022-06-30,1319401.6600000008
2022-07-01,1323958.6600000008
2022-07-04,1328288.6600000008
2022-07-05,1327550.5480000009
2022-07-06,1321667.5480000009
2022-07-07,1302767.5480000009
2022-07-08,1320943.218000001
2022-07-11,1299302.953000001
2022-07-12,1283750.280000001
2022-07-13,1286068.280000001
2022-07-14,1273104.166000001
2022-07-15,1263985.166000001
2022-07-18,1256762.166000001
2022-07-19,1287017.166000001
2022-07-20,1281573.166000001
2022-07-21,1282049.166000001
2022-07-22,1284445.456000001
2022-07-25,1283044.336000001
2022-07-26,1281679.336000001
2022-07-27,1287337.336000001
2022-07-28,1302219.336000001
2022-07-29,1308030.336000001
2022-08-01,1293104.336000001
2022-08-02,1284746.336000001
2022-08-03,1273084.336000001
2022-08-04,1279531.336000001
2022-08-05,1290241.336000001
2022-08-08,1300750.336000001
2022-08-09,1303873.336000001
2022-08-10,1304955.336000001
2022-08-11,1309033.336000001
2022-08-12,1323491.802000001
2022-08-15,1346671.802000001
2022-08-16,1331587.802000001
2022-08-17,1339088.802000001
2022-08-18,1378132.802000001
2022-08-19,1405594.462000001
2022-08-22,1399683.462000001
2022-08-23,1409144.462000001
2022-08-24,1413932.462000001
2022-08-25,1409476.214000001
2022-08-26,1435672.7200000011
2022-08-29,1412488.7200000011
2022-08-30,1408266.7200000011
2022-08-31,1418430.7200000011
2022-09-01,1419166.7200000011
2022-09-02,1482696.7200000011
2022-09-05,1448510.664000001
2022-09-06,1453564.664000001
2022-09-07,1463116.664000001
2022-09-08,1460848.492000001
2022-09-09,1465228.492000001
2022-09-13,1472991.492000001
2022-09-14,1459804.492000001
2022-09-15,1461894.492000001
2022-09-16,1449475.492000001
2022-09-19,1431935.492000001
2022-09-20,1423874.492000001
2022-09-21,1422500.492000001
2022-09-22,1418687.492000001
2022-09-23,1411706.492000001
2022-09-26,1391406.492000001
2022-09-27,1354707.492000001
2022-09-28,1368490.492000001
2022-09-29,1360590.492000001
2022-09-30,1365648.492000001
2022-10-10,1370519.492000001
2022-10-11,1359911.816000001
2022-10-12,1357919.816000001
2022-10-13,1373330.136000001
2022-10-14,1375685.136000001
2022-10-17,1382212.136000001
2022-10-18,1392186.0020000013
2022-10-19,1387008.6010000012
2022-10-20,1353066.6010000012
2022-10-21,1355211.6010000012
2022-10-24,1343714.6010000012
2022-10-25,1328851.6010000012
2022-10-26,1326448.6010000012
2022-10-27,1341717.6010000012
2022-10-28,1335936.6010000012
2022-10-31,1301215.9260000011
2022-11-01,1312801.9260000011
2022-11-02,1349128.9260000011
2022-11-03,1355716.9260000011
2022-11-04,1356683.9260000011
2022-11-07,1395405.4270000013
2022-11-08,1188669.4270000013
2022-11-09,1480464.8580000012
2022-11-10,1472718.9330000011
2022-11-11,1532169.9330000011
2022-11-14,1504110.3830000013
2022-11-15,1492714.163000001
2022-11-16,1514462.163000001
2022-11-17,1513312.163000001
2022-11-18,1509777.163000001
2022-11-21,1486351.163000001
2022-11-22,1489942.163000001
2022-11-23,1493848.2870000014
2022-11-24,1484020.2870000014
2022-11-25,1475792.9190000014
2022-11-28,1453405.9190000014
2022-11-29,1461019.9190000014
2022-11-30,1486492.9190000014
2022-12-01,1509685.9190000014
2022-12-02,1506069.5210000013
2022-12-05,1505029.5210000013
2022-12-06,1502131.5210000013
2022-12-07,1493803.8190000013
2022-12-08,1490183.8190000013
2022-12-09,1487622.8190000013
2022-12-12,1497636.8190000013
2022-12-13,1496195.8190000013
2022-12-14,1513718.8190000013
2022-12-15,1498642.8190000013
2022-12-16,1499754.8190000013
2022-12-19,1528006.8190000013
2022-12-20,1485260.8190000013
2022-12-21,1503438.8190000013
2022-12-22,1514429.8190000013
2022-12-23,1467211.2430000014
2022-12-26,1475617.2430000014
2022-12-27,1485905.2430000014
2022-12-28,1484819.2430000014
2022-12-29,1481396.2430000014
2022-12-30,1474927.2430000014
2023-01-03,1483573.2430000014
2023-01-04,1533618.2430000014
2023-01-05,1533002.2430000014
2023-01-06,1540676.2430000014
2023-01-09,1570846.2430000014
2023-01-10,1589498.2430000014
2023-01-11,1582554.2430000014
2023-01-12,1575894.2430000014
2023-01-13,1568674.2430000014
2023-01-16,1574917.2430000014
2023-01-17,1581753.3940000013
2023-01-18,1576287.3940000013
2023-01-19,1568635.9860000014
2023-01-20,1590015.9860000014
2023-01-30,1618910.9860000014
2023-01-31,1600471.8260000013
2023-02-01,1618344.8260000013
2023-02-02,1636262.8260000013
2023-02-03,1624952.8260000013
2023-02-06,1602716.8260000013
2023-02-07,1601405.8260000013
2023-02-08,1606082.5860000013
2023-02-09,1582384.2210000013
2023-02-10,1591930.2210000013
2023-02-13,1588557.7410000013
2023-02-14,1606960.7410000013
2023-02-15,1623014.7410000013
2023-02-16,1622428.3250000014
2023-02-17,1586516.4850000015
2023-02-20,1580563.4850000015
2023-02-21,1608966.4870000014
2023-02-22,1621474.9650000015
2023-02-23,1619777.4430000014
2023-02-24,1610982.4430000014
2023-02-27,1588286.4430000014
2023-02-28,1583577.4430000014
2023-03-01,1591853.4430000014
2023-03-02,1626436.5450000016
2023-03-03,1630540.6570000015
2023-03-06,1672619.5050000015
2023-03-07,1658914.1030000015
2023-03-08,1635296.1030000015
2023-03-09,1636448.1680000015
2023-03-10,1605202.1680000015
2023-03-13,1605293.1680000015
2023-03-14,1635807.1180000016
2023-03-15,1615777.1180000016
2023-03-16,1608871.1180000016
2023-03-17,1598055.1180000016
2023-03-20,1602204.1180000016
2023-03-21,1600770.1180000016
2023-03-22,1598311.1180000016
2023-03-23,1598171.1180000016
2023-03-24,1608670.1180000016
2023-03-27,1596492.1180000016
2023-03-28,1588012.1180000016
2023-03-29,1585228.1180000016
2023-03-30,1583992.1180000016
2023-03-31,1591063.7980000016
2023-04-03,1628035.7980000016
2023-04-04,1636781.7980000016
2023-04-06,1619799.7980000016
2023-04-07,1631666.7980000016
2023-04-10,1622380.7980000016
2023-04-11,1603939.7980000016
2023-04-12,1617491.7980000016
2023-04-13,1620161.7980000016
2023-04-14,1628725.7980000016
2023-04-17,1622305.7980000016
2023-04-18,1640163.7980000016
2023-04-19,1629815.7980000016
2023-04-20,1644657.7980000016
2023-04-21,1631380.7980000016
2023-04-24,1582716.7980000016
2023-04-25,1556223.7980000013
2023-04-26,1540779.7980000016
2023-04-27,1544090.7980000016
2023-04-28,1550898.7980000016
2023-05-04,1600273.1610000015
2023-05-05,1601287.4490000017
2023-05-08,1579631.4490000017
2023-05-09,1590162.4490000017
2023-05-10,1564672.4490000017
2023-05-11,1552599.4490000017
2023-05-12,1525085.4490000017
2023-05-15,1539106.4490000017
2023-05-16,1516272.1050000016
2023-05-17,1515276.1050000016
2023-05-18,1521285.1050000016
2023-05-19,1510740.1050000016
2023-05-22,1513028.1050000016
2023-05-23,1514500.1050000016
2023-05-24,1490536.1050000016
2023-05-25,1487298.5010000016
2023-05-26,1488213.5010000016
2023-05-29,1508751.5010000016
2023-05-30,1498981.5010000016
2023-05-31,1516887.5010000016
2023-06-01,1515709.5010000016
2023-06-02,1543008.5010000016
2023-06-05,1581966.5010000016
2023-06-06,1577233.0960000018
2023-06-07,1560956.0960000018
2023-06-08,1551292.0960000018
2023-06-09,1555037.0960000018
2023-06-12,1551866.0960000018
2023-06-13,1555213.0960000018
2023-06-14,1567195.0960000018
2023-06-15,1568951.0720000016
2023-06-16,1585827.8430000017
2023-06-19,1608603.8430000017
2023-06-20,1603496.8430000017
2023-06-21,1593429.8430000017
2023-06-26,1589028.8430000017
2023-06-27,1591887.8430000017
2023-06-28,1592055.1840000018
2023-06-29,1570081.1840000018
2023-06-30,1568609.1840000018
2023-07-03,1577378.1840000018
2023-07-04,1582281.1840000018
2023-07-05,1591837.1840000018
2023-07-06,1593572.1840000018
2023-07-07,1593840.1840000018
2023-07-10,1376881.1950000017
2023-07-11,1384045.438000002
2023-07-12,1419238.438000002
2023-07-13,1428304.745000002
2023-07-14,1438135.745000002
2023-07-17,1420548.745000002
2023-07-18,1405731.745000002
2023-07-19,1407074.745000002
2023-07-20,1403861.745000002
2023-07-21,1397093.745000002
2023-07-24,1388395.745000002
2023-07-25,1403306.745000002
2023-07-26,1421754.745000002
2023-07-27,1414872.745000002
2023-07-28,1393371.745000002
2023-07-31,1410106.745000002
2023-08-01,1436734.745000002
2023-08-02,1418246.745000002
2023-08-03,1416639.745000002
2023-08-04,1421268.745000002
2023-08-07,1413731.745000002
2023-08-08,1407747.745000002
2023-08-09,1400765.745000002
2023-08-10,1388961.745000002
2023-08-11,1391294.745000002
2023-08-14,1359647.745000002
2023-08-15,1365738.745000002
2023-08-16,1350209.745000002
2023-08-17,1333429.745000002
2023-08-18,1351627.745000002
2023-08-21,1329457.745000002
2023-08-22,1334223.745000002
2023-08-23,1354403.745000002
2023-08-24,1369509.745000002
2023-08-25,1359616.745000002
2023-08-28,1391464.745000002
2023-08-29,1319700.745000002
2023-08-30,1350341.745000002
2023-08-31,1365781.574000002
2023-09-01,1355193.7740000018
2023-09-04,1372927.7740000018
2023-09-05,1384963.7740000018
2023-09-06,1399910.374000002
2023-09-07,1390186.374000002
2023-09-08,1391577.374000002
2023-09-11,1382761.374000002
2023-09-12,1390408.1160000018
2023-09-13,1380585.1160000018
2023-09-14,1370438.1160000018
2023-09-15,1383838.1160000018
2023-09-18,1374226.1160000018
2023-09-19,1366640.1160000018
2023-09-20,1365414.1160000018
2023-09-21,1348825.1160000018
2023-09-22,1372682.1160000018
2023-09-25,1382117.2100000018
2023-09-26,1367795.2100000018
2023-09-27,1365932.2100000018
2023-09-28,1356987.2100000018
2023-10-09,1340988.2100000018
2023-10-10,1360003.2100000018
2023-10-11,1358043.2100000018
2023-10-12,1353100.2100000018
2023-10-13,1348327.040000002
2023-10-16,1362764.040000002
2023-10-17,1349603.040000002
2023-10-18,1346834.040000002
2023-10-19,1316711.040000002
2023-10-20,1299034.040000002
2023-10-23,1278967.040000002
2023-10-24,1278836.040000002
2023-10-25,1312807.040000002
2023-10-26,1317292.040000002
2023-10-27,1328174.040000002
2023-10-30,1341986.040000002
2023-10-31,1356295.040000002
2023-11-01,1342881.040000002
2023-11-02,1338257.040000002
2023-11-03,1319942.040000002
2023-11-06,1328394.040000002
2023-11-07,1329516.040000002
2023-11-08,1330550.040000002
2023-11-09,1322260.040000002
2023-11-10,1319371.040000002
2023-11-13,1316794.040000002
2023-11-14,1334161.040000002
2023-11-15,1348082.040000002
2023-11-16,1330863.040000002
2023-11-17,1338641.040000002
2023-11-20,1340470.3450000018
2023-11-21,1344814.3450000018
2023-11-22,1350769.3450000018
2023-11-23,1338401.3450000018
2023-11-24,1340580.3450000018
2023-11-27,1332574.215000002
2023-11-28,1359217.215000002
2023-11-29,1383305.215000002
2023-11-30,1376714.435000002
2023-12-01,1377815.435000002
2023-12-04,1391146.435000002
2023-12-05,1374402.435000002
2023-12-06,1358093.435000002
2023-12-07,1363655.435000002
2023-12-08,1360438.435000002
2023-12-11,1372570.5540000019
2023-12-12,1397687.5540000019
2023-12-13,1397900.5540000019
2023-12-14,1411281.5540000019
2023-12-15,1396070.5540000019
2023-12-18,1405516.5540000019
2023-12-19,1396342.5540000019
2023-12-20,1398169.5540000019
2023-12-21,1381665.5540000019
2023-12-22,1401826.5540000019
2023-12-25,1386986.5540000019
2023-12-26,1396249.5540000019
2023-12-27,1433988.5540000019
2023-12-28,1449185.5540000019
2023-12-29,1450799.023000002
2024-01-02,1459565.023000002
2024-01-03,1473424.023000002
2024-01-04,1481194.023000002
2024-01-05,1478919.023000002
2024-01-08,1469641.215000002
2024-01-09,1497950.215000002
2024-01-10,1473352.215000002
2024-01-11,1463176.215000002
2024-01-12,1499683.215000002
2024-01-15,1491137.215000002
2024-01-16,1546434.215000002
2024-01-17,1523995.215000002
2024-01-18,1494441.675000002
2024-01-19,1494021.353000002
2024-01-22,1493922.975000002
2024-01-23,1445548.975000002
2024-01-24,1443580.975000002
2024-01-25,1465739.975000002
2024-01-26,1497566.975000002
2024-01-29,1509265.975000002
2024-01-30,1478546.975000002
2024-01-31,1452734.975000002
2024-02-01,1419885.975000002
2024-02-02,1412699.975000002
2024-02-05,1363100.8200000022
2024-02-06,1292088.8200000022
2024-02-07,1324696.8200000022
2024-02-08,1315970.8200000022
2024-02-19,1372365.691000002
2024-02-20,1415553.691000002
2024-02-21,1435214.191000002
2024-02-22,1515764.191000002
2024-02-23,1526510.191000002
2024-02-26,1552739.191000002
2024-02-27,1544876.7010000022
2024-02-28,1581170.7010000022
2024-02-29,1470185.7010000022
2024-03-01,1509482.7010000022
2024-03-04,1527328.7010000022
2024-03-05,1522300.7010000022
2024-03-06,1503312.7010000022
2024-03-07,1594799.7010000022
2024-03-08,1617350.7010000022
2024-03-11,1626236.7010000022
2024-03-12,1635964.7010000022
2024-03-13,1607123.7010000022
2024-03-14,1644711.7010000022
2024-03-15,1656148.7010000022
2024-03-18,1717306.7010000022
2024-03-19,1707193.7010000022
2024-03-20,1686284.521000002
2024-03-21,1727633.521000002
2024-03-22,1705496.521000002
2024-03-25,1703156.521000002
2024-03-26,1701344.521000002
2024-03-27,1695263.521000002
2024-03-28,1684851.169000002
2024-03-29,1746830.4250000021
2024-04-01,1779581.4250000021
2024-04-02,1784435.4250000021
2024-04-03,1803926.4250000021
2024-04-08,1811257.2790000022
2024-04-09,1789708.0420000022
2024-04-10,1790236.0420000022
2024-04-11,1846787.5420000022
2024-04-12,1879631.5420000022
2024-04-15,1780295.5420000022
2024-04-16,1708835.5420000022
2024-04-17,1613876.5420000022
2024-04-18,1675328.5420000022
2024-04-19,1681118.5420000022
2024-04-22,1684139.5420000022
2024-04-23,1605101.5420000022
2024-04-24,1601951.5420000022
2024-04-25,1620176.5420000022
2024-04-26,1646009.5420000022
2024-04-29,1694051.5420000022
2024-04-30,1728014.5420000022
2024-05-06,1699007.5420000022
2024-05-07,1733315.5420000022
2024-05-08,1733154.6970000023
2024-05-09,1760453.1850000024
2024-05-10,1796906.3010000023
2024-05-13,1787667.6150000023
2024-05-14,1796663.6150000023
2024-05-15,1807529.6150000023
2024-05-16,1806960.6150000023
2024-05-17,1828297.6150000023
2024-05-20,1878367.6150000023
2024-05-21,1861201.6150000023
2024-05-22,1818531.6150000023
2024-05-23,1785703.6150000023
2024-05-24,1757489.6150000023
2024-05-27,1745759.6150000023
2024-05-28,1764552.6150000023
2024-05-29,1736593.6150000023
2024-05-30,1746400.1420000023
2024-05-31,1717185.1420000023
2024-06-03,1700245.1420000023
2024-06-04,1702486.9260000023
2024-06-05,1684031.9260000023
2024-06-06,1677530.9260000023
2024-06-07,1638575.9260000023
2024-06-11,1643550.9260000023
2024-06-12,1627695.9260000023
2024-06-13,1654535.9260000023
2024-06-14,1606141.9260000023
2024-06-17,1624648.9260000023
2024-06-18,1593001.9260000023
2024-06-19,1562404.9260000023
2024-06-20,1536387.9260000023
2024-06-21,1478627.4940000023
2024-06-24,1443290.4940000023
2024-06-25,1448227.4940000023
2024-06-26,1434138.4940000023
2024-06-27,1462240.4940000023
2024-06-28,1440586.4940000023
2024-07-01,1476504.4940000023
2024-07-02,1489551.4940000023
2024-07-03,1479704.7460000024
2024-07-04,1484410.8560000025
2024-07-05,1470844.1000000024
2024-07-08,1503084.1000000024
2024-07-09,1481349.1000000024
2024-07-10,1474886.1000000024
2024-07-11,1459766.1000000024
2024-07-12,1492888.1000000024
2024-07-15,1477197.1000000024
2024-07-16,1473791.1000000024
2024-07-17,1508105.1000000024
2024-07-18,1453649.1000000024
2024-07-19,1433156.1000000024
2024-07-22,1439522.1000000024
2024-07-23,1440527.1000000024
2024-07-24,1386854.1000000024
2024-07-25,1378919.1000000024
2024-07-26,1364003.1000000024
2024-07-29,1388536.1000000024
2024-07-30,1380066.1000000024
2024-07-31,1388770.1000000024
2024-08-01,1445609.1000000024
2024-08-02,1422332.1000000024
2024-08-05,1382514.1000000024
2024-08-06,1379579.1000000024
2024-08-07,1359611.1000000024
2024-08-08,1360865.1000000024
2024-08-09,1368393.1000000024
2024-08-12,1360278.1000000024
2024-08-13,1364592.1000000024
2024-08-14,1372038.8840000024
2024-08-15,1359990.8840000024
2024-08-16,1368920.8840000024
2024-08-19,1385596.8840000024
2024-08-20,1396981.8840000024
2024-08-21,1380167.2520000024
2024-08-22,1380506.2520000024
2024-08-23,1361158.2520000024
2024-08-26,1380833.2520000024
2024-08-27,1373477.2520000024
2024-08-28,1354132.2520000024
2024-08-29,1359008.2520000024
2024-08-30,1371386.2520000024
2024-09-02,1374611.2520000024
2024-09-03,1355239.2520000024
2024-09-04,1340769.2520000024
2024-09-05,1330920.2520000024
2024-09-06,1342124.2520000024
2024-09-09,1310279.2520000024
2024-09-10,1306955.2520000024
2024-09-11,1308917.2520000024
2024-09-12,1306955.2520000024
2024-09-13,1326288.2520000024
2024-09-18,1346699.2520000024
2024-09-19,1355022.2520000024
2024-09-20,1369727.2520000024
2024-09-23,1381461.2520000024
2024-09-24,1387864.2520000024
2024-09-25,1444785.2520000024
2024-09-26,1448341.2520000024
2024-09-27,1514907.2520000024
2024-09-30,1553669.2520000024
2024-10-08,1743577.3160000024
2024-10-09,1589857.5130000026
2024-10-10,1499817.5130000026
2024-10-11,1529734.3680000026
2024-10-14,1548174.3680000026
2024-10-15,1586822.3950000026
2024-10-16,1555637.3950000026
2024-10-17,1632512.3950000026
2024-10-18,1603806.3950000026
2024-10-21,1650328.8850000026
2024-10-22,1647952.8850000026
2024-10-23,1656487.8850000026
2024-10-24,1632583.9930000026
2024-10-25,1669936.9930000026
2024-10-28,1712671.9930000026
2024-10-29,1757050.9930000026
2024-10-30,1756534.9930000026
2024-10-31,1838560.9930000026
2024-11-01,1934593.9930000026
2024-11-04,1773637.9930000026
2024-11-05,1775182.9930000026
2024-11-06,1823035.9930000026
2024-11-07,1879321.9930000026
2024-11-08,1995592.9930000026
2024-11-11,1878518.4850000027
2024-11-12,1820821.3240000026
2024-11-13,1821766.3240000026
2024-11-14,1820427.3240000026
2024-11-15,1707094.3240000026
2024-11-18,1759250.3240000026
2024-11-19,1774396.3240000026
2024-11-20,1724580.3240000026
2024-11-21,1833102.3240000026
2024-11-22,1802867.3240000026
2024-11-25,1821500.5600000026
2024-11-26,1805138.6260000027
2024-11-27,1767109.6260000027
2024-11-28,1815072.6260000025
2024-11-29,1809936.6260000027
2024-12-02,1810523.6260000027
2024-12-03,1844736.6260000027
2024-12-04,1851974.0380000027
2024-12-05,1850405.9180000029
2024-12-06,1871902.9180000029
2024-12-09,1876552.9180000029
2024-12-10,1917136.599000003
2024-12-11,1868823.599000003
2024-12-12,1902835.599000003
2024-12-13,1882193.599000003
2024-12-16,1833003.599000003
2024-12-17,1805821.599000003
2024-12-18,1773863.599000003
2024-12-19,1766238.599000003
2024-12-20,1762096.599000003
2024-12-23,1767413.599000003
2024-12-24,1780750.352000003
2024-12-25,1779687.352000003
2024-12-26,1762009.352000003
2024-12-27,1774890.352000003
2024-12-30,1787853.9520000028
2024-12-31,1792383.9520000028
