日期,股票代码,开盘,收盘,最高,最低,成交量,成交额,振幅,涨跌幅,涨跌额,换手率,volatility
2015-12-09,603398,20.12,20.12,20.12,20.12,112,225344.0,0.0,44.02,6.15,0.05,0.0
2015-12-10,603398,22.13,22.13,22.13,22.13,80,177040.0,0.0,9.99,2.01,0.03,0.0
2015-12-11,603398,24.34,24.34,24.34,24.34,60,146040.0,0.0,9.99,2.21,0.03,0.0
2015-12-14,603398,26.77,26.77,26.77,26.77,226,605002.0,0.0,9.98,2.43,0.09,0.0
2015-12-15,603398,29.45,29.45,29.45,29.45,204,600780.0,0.0,10.01,2.68,0.09,0.0
2015-12-16,603398,32.4,32.4,32.4,32.4,168,544320.0,0.0,10.02,2.95,0.07,0.0
2015-12-17,603398,35.64,35.64,35.64,35.64,120,427680.0,0.0,10.0,3.24,0.05,0.0
2015-12-18,603398,39.2,39.2,39.2,39.2,501,1963920.0,0.0,9.99,3.56,0.21,0.0
2015-12-21,603398,43.12,43.12,43.12,43.12,285,1228920.0,0.0,10.0,3.92,0.12,0.0
2015-12-22,603398,47.43,47.43,47.43,47.43,343,1626849.0,0.0,10.0,4.31,0.14,0.0
2015-12-23,603398,52.17,52.17,52.17,52.17,1781,9291477.0,0.0,9.99,4.74,0.74,0.0
2015-12-24,603398,57.39,57.39,57.39,57.39,1405,8062262.0,0.0,10.01,5.22,0.59,0.0
2015-12-25,603398,63.13,63.13,63.13,63.13,866,5467058.0,0.0,10.0,5.74,0.36,0.0
2015-12-28,603398,69.44,69.44,69.44,69.44,1504,10441207.0,0.0,10.0,6.31,0.63,0.0
2015-12-29,603398,76.38,76.38,76.38,76.38,2350,17952890.0,0.0,9.99,6.94,0.98,0.0
2015-12-30,603398,84.02,84.02,84.02,84.02,3032,25473352.0,0.0,10.0,7.64,1.26,0.0
2015-12-31,603398,89.87,92.42,92.42,87.66,170171,1541062320.0,5.67,10.0,8.4,70.9,4.760000000000005
2016-01-04,603398,89.0,101.66,101.66,88.9,95256,939375856.0,13.81,10.0,9.24,39.69,12.759999999999991
2016-01-05,603398,103.01,111.83,111.83,95.52,153184,1599021632.0,16.04,10.0,10.17,63.83,16.310000000000002
2016-01-06,603398,113.0,123.01,123.01,111.86,81710,952929232.0,9.97,10.0,11.18,34.05,11.150000000000006
2016-01-07,603398,129.11,111.39,131.7,110.71,49864,619711600.0,17.06,-9.45,-11.62,20.78,20.989999999999995
2016-01-08,603398,114.74,100.31,119.5,100.25,141833,1547872928.0,17.28,-9.95,-11.08,59.1,19.25
2016-01-11,603398,93.0,91.25,98.88,90.28,110838,1028670400.0,8.57,-9.03,-9.06,46.18,8.599999999999994
2016-01-12,603398,92.69,92.76,100.38,90.61,124159,1198683120.0,10.71,1.65,1.51,51.73,9.769999999999996
2016-01-13,603398,89.11,88.88,95.0,83.48,104658,919453120.0,12.42,-4.18,-3.88,43.61,11.519999999999996
2016-01-14,603398,85.3,91.78,94.5,84.01,98109,877818960.0,11.8,3.26,2.9,40.88,10.489999999999995
2016-01-15,603398,88.5,85.52,93.35,84.0,92762,813529536.0,10.19,-6.82,-6.26,38.65,9.349999999999994
2016-01-18,603398,81.11,92.41,94.07,80.11,115067,1042725248.0,16.32,8.06,6.89,47.94,13.959999999999994
2016-01-19,603398,90.0,93.89,96.22,88.05,111394,1026383728.0,8.84,1.6,1.48,46.41,8.170000000000002
2016-01-20,603398,92.97,89.68,97.8,89.02,88463,826608240.0,9.35,-4.48,-4.21,36.86,8.780000000000001
2016-01-21,603398,87.11,80.71,88.18,80.71,69773,587973104.0,8.33,-10.0,-8.97,29.07,7.470000000000013
2016-01-22,603398,80.9,81.9,83.64,75.0,78003,625442976.0,10.7,1.47,1.19,32.5,8.64
2016-01-25,603398,83.75,82.03,84.48,79.45,62856,517605856.0,6.14,0.16,0.13,26.19,5.030000000000001
2016-01-26,603398,79.69,73.83,80.0,73.83,41425,314993872.0,7.52,-10.0,-8.2,17.26,6.170000000000002
2016-01-27,603398,72.15,72.74,76.18,68.1,51671,370293552.0,10.94,-1.48,-1.09,21.53,8.080000000000013
2016-01-28,603398,70.0,65.47,71.5,65.47,39057,264850707.0,8.29,-9.99,-7.27,16.27,6.030000000000001
2016-01-29,603398,64.8,67.82,71.99,64.08,47456,324501120.0,12.08,3.59,2.35,19.77,7.909999999999997
2016-02-01,603398,67.45,68.21,70.02,66.16,38669,262741957.0,5.69,0.58,0.39,16.11,3.8599999999999994
2016-02-02,603398,68.9,69.77,72.27,68.41,45944,324073984.0,5.66,2.29,1.56,19.14,3.8599999999999994
2016-02-03,603398,67.07,70.98,71.7,66.0,46615,317393168.0,8.17,1.73,1.21,19.42,5.700000000000003
2016-02-04,603398,70.98,76.43,78.0,70.25,61724,460071472.0,10.92,7.68,5.45,25.72,7.75
2016-02-05,603398,76.9,73.46,77.77,73.33,40086,300862944.0,5.81,-3.89,-2.97,16.7,4.439999999999998
2016-02-15,603398,69.02,74.96,75.5,68.01,33820,242697848.0,10.2,2.04,1.5,14.09,7.489999999999995
2016-02-16,603398,74.77,79.51,82.1,74.68,46015,361682560.0,9.9,6.07,4.55,19.17,7.4199999999999875
2016-02-17,603398,78.18,80.85,82.8,77.0,37881,301872288.0,7.29,1.69,1.34,15.78,5.799999999999997
2016-02-18,603398,81.0,79.87,81.75,78.0,41008,329340016.0,4.64,-1.21,-0.98,17.09,3.75
2016-02-19,603398,78.22,78.29,79.7,76.56,28062,218348479.0,3.93,-1.98,-1.58,11.69,3.1400000000000006
2016-02-22,603398,79.8,79.5,80.5,77.12,29811,236334130.0,4.32,1.55,1.21,12.42,3.3799999999999955
2016-02-23,603398,79.18,80.88,81.5,78.5,35976,289150048.0,3.77,1.74,1.38,14.99,3.0
2016-02-24,603398,80.13,72.83,80.8,72.79,53724,402263568.0,9.9,-9.95,-8.05,22.39,8.009999999999991
2016-02-25,603398,71.0,65.55,71.8,65.55,41238,278809424.0,8.58,-10.0,-7.28,17.18,6.25
2016-02-26,603398,65.21,61.97,65.77,61.0,34761,219851634.0,7.28,-5.46,-3.58,14.48,4.769999999999996
2016-02-29,603398,60.17,55.77,61.9,55.77,28401,160952393.0,9.89,-10.0,-6.2,11.83,6.1299999999999955
2016-03-01,603398,55.0,57.36,58.99,53.08,34433,193162986.0,10.6,2.85,1.59,14.35,5.910000000000004
2016-03-02,603398,56.3,60.19,60.9,55.8,39721,232322519.0,8.89,4.93,2.83,16.55,5.100000000000001
2016-03-03,603398,59.6,59.21,63.33,59.11,41384,253410391.0,7.01,-1.63,-0.98,17.24,4.219999999999999
2016-03-04,603398,58.01,54.81,59.99,54.1,34441,195886652.0,9.95,-7.43,-4.4,14.35,5.890000000000001
2016-03-07,603398,56.79,56.0,57.63,54.18,22531,126581551.0,6.29,2.17,1.19,9.39,3.450000000000003
2016-03-08,603398,55.84,57.16,57.85,51.1,26875,147865148.0,12.05,2.07,1.16,11.2,6.75
2016-03-09,603398,55.38,62.88,62.88,54.99,58291,352012640.0,13.8,10.01,5.72,24.29,7.890000000000001
2016-03-10,603398,62.18,60.09,62.9,58.55,49160,300323856.0,6.92,-4.44,-2.79,20.48,4.350000000000001
2016-03-11,603398,58.26,59.05,60.8,55.06,34577,203539744.0,9.55,-1.73,-1.04,14.41,5.739999999999995
2016-03-14,603398,60.56,62.8,64.96,60.0,49754,312595168.0,8.4,6.35,3.75,20.73,4.959999999999994
2016-03-15,603398,61.5,61.05,63.28,60.91,28343,175958376.0,3.77,-2.79,-1.75,11.81,2.3700000000000045
2016-03-16,603398,62.09,59.21,62.88,59.0,25400,154567477.0,6.36,-3.01,-1.84,10.58,3.8800000000000026
2016-03-17,603398,59.23,61.88,62.7,59.23,27718,169218011.0,5.86,4.51,2.67,11.55,3.470000000000006
2016-03-18,603398,62.87,68.07,68.07,62.0,44154,292525920.0,9.81,10.0,6.19,18.4,6.069999999999993
2016-03-21,603398,71.35,72.95,73.15,69.01,49045,350795616.0,6.08,7.17,4.88,20.44,4.140000000000001
2016-03-22,603398,70.96,71.44,72.91,70.13,29067,207494096.0,3.81,-2.07,-1.51,12.11,2.780000000000001
2016-03-23,603398,71.0,74.02,75.38,69.88,35062,255589598.0,7.7,3.61,2.58,14.61,5.5
2016-03-24,603398,72.5,74.36,80.55,71.0,47522,355787952.0,12.9,0.46,0.34,19.8,9.549999999999997
2016-03-25,603398,73.21,72.03,74.98,70.05,32558,235033931.0,6.63,-3.13,-2.33,13.57,4.930000000000007
2016-03-28,603398,72.2,70.03,74.2,69.24,24511,175904591.0,6.89,-2.78,-2.0,10.21,4.960000000000008
2016-03-29,603398,68.5,69.77,71.95,66.55,29245,201612966.0,7.71,-0.37,-0.26,12.19,5.400000000000006
2016-03-30,603398,70.38,73.08,73.5,70.36,25771,185108675.0,4.5,4.74,3.31,10.74,3.1400000000000006
2016-03-31,603398,73.0,73.36,76.49,72.32,28115,208041098.0,5.71,0.38,0.28,11.71,4.170000000000002
2016-04-05,603398,77.5,79.3,80.67,74.88,46802,362244352.0,7.89,8.1,5.94,19.5,5.790000000000006
2016-04-06,603398,77.79,77.89,80.25,76.8,33811,264230864.0,4.35,-1.78,-1.41,14.09,3.450000000000003
2016-04-07,603398,77.99,74.74,79.79,74.68,32553,249886164.0,6.56,-4.04,-3.15,13.56,5.109999999999999
2016-04-08,603398,72.66,72.71,73.74,71.58,22629,164255263.0,2.89,-2.72,-2.03,9.43,2.1599999999999966
2016-04-11,603398,73.16,75.43,76.89,73.0,26216,197384426.0,5.35,3.74,2.72,10.92,3.8900000000000006
2016-04-12,603398,75.18,72.86,76.5,70.18,26735,196164086.0,8.38,-3.41,-2.57,11.14,6.319999999999993
2016-04-13,603398,72.3,73.6,76.33,72.3,30508,227489939.0,5.53,1.02,0.74,12.71,4.030000000000001
2016-04-14,603398,74.91,79.13,79.98,73.95,42192,323702400.0,8.19,7.51,5.53,17.58,6.030000000000001
2016-04-15,603398,78.5,76.39,78.53,76.02,29735,229363369.0,3.17,-3.46,-2.74,12.39,2.510000000000005
2016-04-18,603398,74.66,72.56,74.69,72.06,33245,241956781.0,3.44,-5.01,-3.83,13.85,2.6299999999999955
2016-04-19,603398,73.29,73.52,74.4,72.18,19592,143531274.0,3.06,1.32,0.96,8.16,2.219999999999999
2016-04-20,603398,73.51,66.17,73.66,66.17,43804,300635968.0,10.19,-10.0,-7.35,18.25,7.489999999999995
2016-04-21,603398,65.0,62.91,65.95,62.66,30241,194277455.0,4.97,-4.93,-3.26,12.6,3.2900000000000063
2016-04-22,603398,61.7,64.55,64.88,61.7,19899,127084472.0,5.05,2.61,1.64,8.29,3.1799999999999926
2016-04-25,603398,64.6,63.8,65.0,62.25,15054,95323517.0,4.26,-1.16,-0.75,6.27,2.75
2016-04-26,603398,63.47,65.68,65.7,63.02,17098,110407987.0,4.2,2.95,1.88,7.12,2.6799999999999997
2016-04-27,603398,66.02,64.99,66.85,64.8,20651,136172131.0,3.12,-1.05,-0.69,8.6,2.049999999999997
2016-04-28,603398,64.11,64.72,64.85,62.21,17445,111117016.0,4.06,-0.42,-0.27,7.27,2.6399999999999935
2016-04-29,603398,65.3,65.08,66.49,64.5,15590,102191532.0,3.07,0.56,0.36,6.5,1.9899999999999949
2016-05-03,603398,65.2,68.07,68.48,64.3,21351,143152011.0,6.42,4.59,2.99,8.9,4.180000000000007
2016-05-04,603398,68.1,68.16,69.99,67.21,21664,148375088.0,4.08,0.13,0.09,9.03,2.780000000000001
2016-05-05,603398,68.14,70.44,70.7,67.66,28418,197247601.0,4.46,3.35,2.28,11.84,3.0400000000000063
2016-05-06,603398,70.66,72.12,76.5,70.01,59902,440131904.0,9.21,2.39,1.68,24.96,6.489999999999995
2016-05-09,603398,71.5,74.69,78.28,71.33,72336,540310560.0,9.64,3.56,2.57,30.14,6.950000000000003
2016-05-10,603398,75.3,74.22,75.3,71.6,42412,312460624.0,4.95,-0.63,-0.47,17.67,3.700000000000003
2016-05-11,603398,73.69,66.99,74.5,66.9,50640,356144320.0,10.24,-9.74,-7.23,21.1,7.599999999999994
2016-05-12,603398,64.0,62.79,64.0,60.58,34124,212893190.0,5.11,-6.27,-4.2,14.22,3.4200000000000017
2016-05-13,603398,61.86,64.25,65.79,61.86,25102,161519803.0,6.26,2.33,1.46,10.46,3.930000000000007
2016-05-16,603398,63.7,65.78,65.96,63.12,19206,124302097.0,4.42,2.38,1.53,8.0,2.8399999999999963
2016-05-17,603398,65.85,64.8,66.39,64.5,24186,157708505.0,2.87,-1.49,-0.98,10.08,1.8900000000000006
2016-05-18,603398,64.15,60.4,64.67,59.35,23354,144636792.0,8.21,-6.79,-4.4,9.73,5.32
2016-05-19,603398,60.7,61.51,63.1,60.7,19535,120990264.0,3.97,1.84,1.11,8.14,2.3999999999999986
2016-05-20,603398,60.0,63.77,63.87,59.5,18395,114290801.0,7.1,3.67,2.26,7.66,4.369999999999997
2016-05-23,603398,64.31,70.15,70.15,64.0,34915,236008053.0,9.64,10.0,6.38,14.55,6.150000000000006
2016-05-24,603398,71.16,71.09,71.94,69.0,39598,279212960.0,4.19,1.34,0.94,16.5,2.9399999999999977
2016-05-25,603398,72.49,69.12,72.6,68.7,32626,229742164.0,5.49,-2.77,-1.97,13.59,3.8999999999999915
2016-05-26,603398,69.6,74.95,75.35,68.3,50811,363450560.0,10.2,8.43,5.83,21.17,7.049999999999997
2016-05-27,603398,73.76,73.35,76.0,73.12,40812,304409920.0,3.84,-2.13,-1.6,17.01,2.8799999999999955
2016-05-30,603398,72.01,73.45,75.6,70.01,27511,201390509.0,7.62,0.14,0.1,11.46,5.589999999999989
2016-05-31,603398,73.5,77.83,78.98,72.88,42832,327498528.0,8.3,5.96,4.38,17.85,6.1000000000000085
2016-06-01,603398,79.5,79.69,85.4,79.5,56949,468386752.0,7.58,2.39,1.86,23.73,5.900000000000006
2016-06-02,603398,80.5,87.66,87.66,80.23,65414,553470128.0,9.32,10.0,7.97,27.26,7.429999999999993
2016-06-03,603398,89.01,91.44,95.38,86.51,77583,704867632.0,10.12,4.31,3.78,32.33,8.86999999999999
2016-06-06,603398,90.7,89.72,92.0,86.01,58795,523181696.0,6.55,-1.88,-1.72,24.5,5.989999999999995
2016-06-07,603398,91.51,98.68,98.68,90.43,96105,416634592.0,9.2,9.99,8.96,18.2,8.25
2016-06-08,603398,92.68,88.83,94.79,88.83,182710,751889248.0,6.04,-9.98,-9.85,34.6,5.960000000000008
2016-06-13,603398,84.47,79.96,84.47,79.96,118388,438466944.0,5.08,-9.99,-8.87,22.42,4.510000000000005
2016-06-14,603398,75.76,79.17,81.76,75.01,93115,331487312.0,8.44,-0.99,-0.79,17.64,6.75
2016-06-15,603398,77.21,82.53,83.77,76.73,105779,392791200.0,8.89,4.24,3.36,20.03,7.039999999999992
2016-06-16,603398,82.64,79.81,84.47,78.97,98527,363359408.0,6.66,-3.3,-2.72,18.66,5.5
2016-06-17,603398,80.51,82.23,82.69,80.51,86156,319268688.0,2.73,3.03,2.42,16.32,2.1799999999999926
2016-06-20,603398,82.27,85.44,86.12,80.51,110581,419840208.0,6.82,3.9,3.21,20.94,5.609999999999999
2016-06-21,603398,86.45,81.08,86.71,79.85,103624,390995312.0,8.03,-5.1,-4.36,19.63,6.859999999999999
2016-06-22,603398,80.31,82.07,84.03,78.77,75790,281006896.0,6.49,1.22,0.99,14.35,5.260000000000005
2016-06-23,603398,81.83,79.78,82.05,78.99,60132,218881282.0,3.73,-2.79,-2.29,11.39,3.0600000000000023
2016-06-24,603398,78.44,77.32,80.66,72.81,71314,251443920.0,9.84,-3.08,-2.46,13.51,7.849999999999994
2016-06-27,603398,76.55,81.48,82.45,75.56,72296,261424877.0,8.91,5.38,4.16,13.69,6.890000000000001
2016-07-08,603398,86.01,83.15,88.1,82.45,129046,493259584.0,6.93,2.05,1.67,24.44,5.6499999999999915
2016-07-11,603398,81.83,78.49,82.45,78.16,84958,306624336.0,5.16,-5.6,-4.66,16.09,4.290000000000006
2016-07-12,603398,77.78,79.3,79.67,75.67,53152,188547144.0,5.1,1.03,0.81,10.07,4.0
2016-07-13,603398,79.41,78.77,80.4,78.35,46300,166360341.0,2.59,-0.67,-0.53,8.77,2.0500000000000114
2016-07-14,603398,78.79,79.34,79.61,78.09,40485,144956307.0,1.93,0.72,0.57,7.67,1.519999999999996
2016-07-15,603398,78.97,79.7,80.86,78.97,44566,161400487.0,2.38,0.45,0.36,8.44,1.8900000000000006
2016-07-18,603398,79.41,77.28,79.41,76.81,35399,124612380.0,3.26,-3.04,-2.42,6.7,2.5999999999999943
2016-07-19,603398,77.32,77.76,78.05,75.74,31687,110137905.0,2.99,0.62,0.48,6.0,2.3100000000000023
2016-07-20,603398,77.87,81.35,81.57,77.87,81555,298184736.0,4.76,4.62,3.59,15.45,3.6999999999999886
2016-07-21,603398,80.95,80.14,81.52,79.48,48065,175065261.0,2.51,-1.49,-1.21,9.1,2.039999999999992
2016-07-22,603398,79.85,77.5,80.07,77.28,43118,152861083.0,3.48,-3.29,-2.64,8.17,2.789999999999992
2016-07-25,603398,77.54,78.24,78.31,76.81,25440,89548314.0,1.94,0.95,0.74,4.82,1.5
2016-07-26,603398,77.96,78.68,79.19,77.25,24819,88295020.0,2.48,0.56,0.44,4.7,1.9399999999999977
2016-07-27,603398,78.79,72.04,79.15,71.36,62172,210691974.0,9.9,-8.44,-6.64,11.78,7.790000000000006
2016-07-28,603398,72.81,70.21,73.23,68.41,53124,169141072.0,6.69,-2.54,-1.83,10.06,4.820000000000007
2016-07-29,603398,69.31,71.51,71.69,69.31,27684,88807733.0,3.39,1.85,1.3,5.24,2.3799999999999955
2016-08-01,603398,70.79,69.36,71.49,68.5,22931,72260843.0,4.18,-3.01,-2.15,4.34,2.989999999999995
2016-08-02,603398,69.36,69.69,70.04,69.03,14031,44203683.0,1.46,0.48,0.33,2.66,1.0100000000000051
2016-08-03,603398,69.73,71.31,71.89,69.25,26896,86335266.0,3.79,2.32,1.62,5.09,2.6400000000000006
2016-08-04,603398,71.45,73.47,74.9,71.12,52841,175653579.0,5.3,3.03,2.16,10.01,3.780000000000001
2016-08-05,603398,72.99,72.88,75.34,72.17,41442,138669093.0,4.31,-0.8,-0.59,7.85,3.1700000000000017
2016-08-08,603398,72.85,72.66,72.85,70.41,21881,71101153.0,3.35,-0.3,-0.22,4.14,2.4399999999999977
2016-08-09,603398,72.59,73.23,73.45,72.59,19939,66032218.0,1.18,0.78,0.57,3.78,0.8599999999999994
2016-08-10,603398,73.23,72.46,73.43,71.93,25566,84112839.0,2.05,-1.05,-0.77,4.84,1.5
2016-08-11,603398,72.04,70.61,72.37,70.39,23473,75646800.0,2.73,-2.55,-1.85,4.45,1.980000000000004
2016-08-12,603398,70.61,71.03,71.23,68.43,19212,61269085.0,3.97,0.59,0.42,3.64,2.799999999999997
2016-08-15,603398,71.27,72.37,73.21,69.84,40005,130647023.0,4.74,1.89,1.34,7.58,3.3699999999999903
2016-08-16,603398,72.46,74.75,75.78,72.08,63286,213407519.0,5.11,3.29,2.38,11.99,3.700000000000003
2016-08-17,603398,74.83,80.58,82.18,73.6,136790,491226464.0,11.48,7.8,5.83,25.91,8.580000000000013
2016-08-18,603398,79.1,78.24,79.3,77.45,68588,243461029.0,2.3,-2.9,-2.34,12.99,1.8499999999999943
2016-08-19,603398,78.0,78.73,81.57,77.56,69915,252476851.0,5.13,0.63,0.49,13.24,4.009999999999991
2016-08-22,603398,77.58,75.67,78.11,75.3,49448,170709194.0,3.57,-3.89,-3.06,9.37,2.8100000000000023
2016-08-23,603398,75.34,75.82,77.21,75.14,27154,93823408.0,2.74,0.2,0.15,5.14,2.069999999999993
2016-08-24,603398,75.78,75.74,76.99,75.49,24040,82923749.0,1.98,-0.11,-0.08,4.55,1.5
2016-08-25,603398,75.21,74.09,75.21,72.85,34442,114944024.0,3.12,-2.18,-1.65,6.52,2.3599999999999994
2016-08-26,603398,74.13,75.58,76.51,74.13,33178,113635555.0,3.21,2.01,1.49,6.28,2.3800000000000097
2016-08-29,603398,74.83,75.98,76.66,74.24,24634,84341431.0,3.2,0.53,0.4,4.67,2.4200000000000017
2016-08-30,603398,76.0,75.36,76.51,75.16,18499,63437293.0,1.78,-0.82,-0.62,3.5,1.3500000000000085
2016-08-31,603398,75.45,76.66,76.77,74.26,28028,95946703.0,3.33,1.73,1.3,5.31,2.509999999999991
2016-09-01,603398,76.55,74.75,77.61,74.66,28917,99986589.0,3.85,-2.49,-1.91,5.48,2.950000000000003
2016-09-02,603398,73.91,72.85,74.55,72.79,27626,91991473.0,2.35,-2.54,-1.9,5.23,1.759999999999991
2016-09-05,603398,72.88,72.26,73.51,72.04,17071,56273837.0,2.02,-0.81,-0.59,3.23,1.4699999999999989
2016-09-06,603398,72.33,73.43,73.47,71.71,21300,70205582.0,2.44,1.62,1.17,4.03,1.7600000000000051
2016-09-07,603398,73.25,75.05,78.09,72.59,51765,176607075.0,7.49,2.21,1.62,9.8,5.5
2016-09-08,603398,74.13,74.13,74.97,73.56,28516,95775786.0,1.88,-1.23,-0.92,5.4,1.4099999999999966
2016-09-09,603398,73.8,72.68,74.44,72.37,23154,76779517.0,2.79,-1.96,-1.45,4.39,2.069999999999993
2016-09-12,603398,71.4,69.42,71.4,69.33,25529,81379627.0,2.85,-4.49,-3.26,4.84,2.0700000000000074
2016-09-13,603398,69.95,69.95,70.17,69.33,15233,48169688.0,1.21,0.76,0.53,2.89,0.8400000000000034
2016-09-14,603398,69.95,69.69,70.54,69.29,11042,34971373.0,1.79,-0.37,-0.26,2.09,1.25
2016-09-19,603398,69.93,70.24,70.52,69.93,9492,30233708.0,0.85,0.79,0.55,1.8,0.5899999999999892
2016-09-20,603398,70.17,70.15,70.52,69.97,9292,29577220.0,0.78,-0.13,-0.09,1.76,0.5499999999999972
2016-09-21,603398,70.17,70.17,71.01,70.02,11481,36639275.0,1.41,0.03,0.02,2.17,0.9900000000000091
2016-09-22,603398,70.87,70.52,71.34,70.5,13503,43388745.0,1.2,0.5,0.35,2.56,0.8400000000000034
2016-09-23,603398,70.63,74.83,75.89,70.63,76838,257444267.0,7.46,6.11,4.31,14.55,5.260000000000005
2016-09-26,603398,73.84,74.11,74.97,72.81,47678,159483135.0,2.89,-0.96,-0.72,9.03,2.1599999999999966
2016-09-27,603398,73.47,74.9,75.89,73.47,33271,112666815.0,3.27,1.07,0.79,6.3,2.4200000000000017
2016-09-28,603398,74.79,75.74,75.89,73.71,40215,137073551.0,2.91,1.12,0.84,7.62,2.180000000000007
2016-09-29,603398,75.85,75.25,76.0,74.68,28011,95432798.0,1.74,-0.65,-0.49,5.31,1.3199999999999932
2016-09-30,603398,74.35,74.88,75.98,74.35,19451,66358216.0,2.17,-0.49,-0.37,3.68,1.6300000000000097
2016-10-10,603398,75.67,77.17,77.65,75.23,35618,123626059.0,3.23,3.06,2.29,6.75,2.4200000000000017
2016-10-11,603398,76.77,77.41,79.37,76.55,45441,160958926.0,3.65,0.31,0.24,8.61,2.8200000000000074
2016-10-12,603398,76.75,77.87,78.27,76.11,32857,114827144.0,2.79,0.59,0.46,6.22,2.1599999999999966
2016-10-13,603398,77.89,76.81,78.71,76.77,23132,81115085.0,2.49,-1.36,-1.06,4.38,1.9399999999999977
2016-10-14,603398,76.55,77.23,77.5,76.04,22073,76789644.0,1.9,0.55,0.42,4.18,1.4599999999999937
2016-10-17,603398,77.45,75.34,77.98,74.81,21770,75130579.0,4.1,-2.45,-1.89,4.12,3.1700000000000017
2016-10-18,603398,75.36,76.66,76.81,75.03,18495,63832910.0,2.36,1.75,1.32,3.5,1.7800000000000011
2016-10-19,603398,76.99,77.41,78.31,76.44,26675,93771676.0,2.44,0.98,0.75,5.05,1.8700000000000045
2016-10-20,603398,77.43,80.73,81.54,76.99,70862,256022454.0,5.88,4.29,3.32,13.42,4.550000000000011
2016-10-21,603398,79.87,78.97,80.84,78.13,49505,178326142.0,3.36,-2.18,-1.76,9.38,2.710000000000008
2016-10-24,603398,78.75,81.17,81.32,78.38,46032,167882013.0,3.72,2.79,2.2,8.72,2.9399999999999977
2016-10-25,603398,81.28,80.77,81.28,79.87,32197,117544921.0,1.74,-0.49,-0.4,6.1,1.4099999999999966
2016-10-26,603398,79.63,78.82,80.51,78.51,28285,101509851.0,2.48,-2.41,-1.95,5.36,2.0
2016-10-27,603398,78.53,78.2,79.19,77.63,20448,72436290.0,1.98,-0.79,-0.62,3.87,1.5600000000000023
2016-10-28,603398,78.2,76.81,78.64,76.77,26342,92431856.0,2.39,-1.78,-1.39,4.99,1.8700000000000045
2016-10-31,603398,76.99,77.58,78.05,75.49,19111,66856303.0,3.33,1.0,0.77,3.62,2.5600000000000023
2016-11-01,603398,77.21,80.95,81.57,77.21,55247,200176870.0,5.62,4.34,3.37,10.46,4.359999999999999
2016-11-02,603398,80.55,84.65,84.87,80.07,94424,357660528.0,5.93,4.57,3.7,17.88,4.800000000000011
2016-11-03,603398,83.7,83.46,88.1,82.71,87140,335779712.0,6.37,-1.41,-1.19,16.5,5.390000000000001
2016-11-04,603398,82.75,84.89,85.99,82.75,64190,246677357.0,3.88,1.71,1.43,12.16,3.239999999999995
2016-11-07,603398,83.85,82.69,85.92,82.53,45914,175122809.0,3.99,-2.59,-2.2,8.7,3.3900000000000006
2016-11-08,603398,83.17,84.38,85.04,81.96,36528,138683049.0,3.72,2.04,1.69,6.92,3.0800000000000125
2016-11-09,603398,84.36,85.97,86.43,82.75,60818,234627191.0,4.36,1.88,1.59,11.52,3.680000000000007
2016-11-10,603398,86.03,91.75,92.59,85.35,104661,421203152.0,8.42,6.72,5.78,19.82,7.240000000000009
2016-11-11,603398,90.59,91.31,92.59,88.54,78617,322430160.0,4.41,-0.48,-0.44,14.89,4.049999999999997
2016-11-14,603398,89.75,89.53,92.08,89.09,38092,156038042.0,3.27,-1.95,-1.78,7.21,2.989999999999995
2016-11-15,603398,89.66,89.97,91.75,89.42,33981,139302468.0,2.6,0.49,0.44,6.44,2.3299999999999983
2016-11-16,603398,90.12,93.6,94.77,90.12,81531,342074416.0,5.17,4.03,3.63,15.44,4.6499999999999915
2016-11-17,603398,92.83,96.04,97.34,90.87,67314,288541504.0,6.91,2.61,2.44,12.75,6.469999999999999
2016-11-18,603398,95.58,96.09,98.42,93.03,55573,243460498.0,5.61,0.05,0.05,10.53,5.390000000000001
2016-11-21,603398,95.36,95.47,96.59,93.84,27572,118633127.0,2.86,-0.65,-0.62,5.22,2.75
2016-11-22,603398,94.94,94.5,95.58,92.72,36595,155529957.0,3.0,-1.02,-0.97,6.93,2.8599999999999994
2016-11-23,603398,93.49,93.25,94.72,90.48,36937,154894471.0,4.49,-1.32,-1.25,7.0,4.239999999999995
2016-11-24,603398,92.61,94.7,95.1,91.91,29289,124719556.0,3.42,1.55,1.45,5.55,3.1899999999999977
2016-11-25,603398,94.59,96.22,96.94,92.76,35053,151462106.0,4.41,1.61,1.52,6.64,4.179999999999993
2016-11-28,603398,96.24,101.01,104.91,95.78,63903,291704944.0,9.49,4.98,4.79,12.1,9.129999999999995
2016-11-29,603398,104.71,106.82,109.53,103.48,75016,361121568.0,5.99,5.75,5.81,14.21,6.049999999999997
2016-11-30,603398,108.01,104.71,108.01,101.56,37690,177932059.0,6.04,-1.98,-2.11,7.14,6.450000000000003
2016-12-01,603398,104.27,104.58,106.89,101.94,37740,178791150.0,4.73,-0.12,-0.13,7.15,4.950000000000003
2016-12-02,603398,104.05,103.32,104.23,99.08,38742,177957912.0,4.92,-1.2,-1.26,7.34,5.150000000000006
2016-12-05,603398,104.47,96.33,104.47,94.81,50194,230304281.0,9.35,-6.77,-6.99,9.51,9.659999999999997
2016-12-06,603398,96.94,86.71,97.82,86.71,77470,313201376.0,11.53,-9.99,-9.62,14.67,11.11
2016-12-07,603398,84.38,85.99,87.31,83.88,41193,159757762.0,3.96,-0.83,-0.72,7.8,3.430000000000007
2016-12-08,603398,86.21,85.28,87.26,84.58,24680,96057175.0,3.12,-0.83,-0.71,4.67,2.680000000000007
2016-12-09,603398,85.09,84.1,85.57,81.06,41602,156957967.0,5.29,-1.38,-1.18,7.88,4.509999999999991
2016-12-12,603398,83.99,77.01,84.07,76.11,42338,153011032.0,9.46,-8.43,-7.09,8.02,7.959999999999994
2016-12-13,603398,77.19,77.21,78.2,74.77,34670,120211720.0,4.45,0.26,0.2,6.57,3.430000000000007
2016-12-14,603398,77.28,75.98,77.61,74.92,26144,90357559.0,3.48,-1.59,-1.23,4.95,2.6899999999999977
2016-12-15,603398,75.98,76.66,77.87,75.25,25797,89639488.0,3.45,0.89,0.68,4.89,2.6200000000000045
2016-12-16,603398,76.55,78.09,78.22,76.0,25976,90915560.0,2.9,1.87,1.43,4.92,2.219999999999999
2016-12-19,603398,77.87,76.68,77.89,76.33,19519,68092951.0,2.0,-1.81,-1.41,3.7,1.5600000000000023
2016-12-20,603398,76.2,76.55,77.41,76.15,18001,62561585.0,1.64,-0.17,-0.13,3.41,1.259999999999991
2016-12-21,603398,76.55,78.57,78.64,76.55,31599,111252980.0,2.73,2.64,2.02,5.98,2.0900000000000034
2016-12-22,603398,78.2,82.71,83.41,77.96,60647,223545794.0,6.94,5.27,4.14,11.49,5.450000000000003
2016-12-23,603398,81.28,79.32,82.16,78.99,41363,150128242.0,3.83,-4.1,-3.39,7.83,3.1700000000000017
2016-12-26,603398,78.33,78.18,79.23,75.01,28615,100318081.0,5.32,-1.44,-1.14,5.42,4.219999999999999
2016-12-27,603398,78.29,76.62,79.12,76.2,23083,81231929.0,3.73,-2.0,-1.56,4.37,2.9200000000000017
2016-12-28,603398,76.29,76.81,77.58,75.49,15959,55461651.0,2.73,0.25,0.19,3.02,2.0900000000000034
2016-12-29,603398,76.77,75.41,76.86,75.25,19020,65446592.0,2.1,-1.82,-1.4,3.6,1.6099999999999994
2016-12-30,603398,75.41,73.95,76.33,73.54,29052,98367134.0,3.7,-1.94,-1.46,5.5,2.789999999999992
2017-01-03,603398,74.46,75.08,75.25,73.91,11556,39034540.0,1.81,1.53,1.13,2.19,1.3400000000000034
2017-01-04,603398,75.34,77.06,77.65,74.79,23877,82771941.0,3.81,2.64,1.98,4.52,2.8599999999999994
2017-01-05,603398,76.55,76.4,77.5,76.31,14306,49882189.0,1.54,-0.86,-0.66,2.71,1.1899999999999977
2017-01-06,603398,76.33,76.44,77.41,76.11,12038,41828877.0,1.7,0.05,0.04,2.28,1.2999999999999972
2017-01-09,603398,76.11,74.53,76.9,73.95,24169,81927787.0,3.86,-2.5,-1.91,4.58,2.950000000000003
2017-01-10,603398,74.53,72.41,74.53,72.04,27946,92317793.0,3.34,-2.84,-2.12,5.29,2.489999999999995
2017-01-11,603398,72.3,71.01,72.81,70.85,15827,51379967.0,2.71,-1.93,-1.4,3.0,1.960000000000008
2017-01-12,603398,71.42,71.2,71.69,70.04,19494,62604078.0,2.32,0.27,0.19,3.69,1.6499999999999915
2017-01-13,603398,71.42,70.68,71.64,69.95,12890,41356941.0,2.37,-0.73,-0.52,2.44,1.6899999999999977
2017-01-16,603398,70.61,66.67,70.61,63.64,29656,89842100.0,9.86,-5.67,-4.01,5.62,6.969999999999999
2017-01-17,603398,66.01,66.98,67.75,63.75,21322,63707524.0,6.0,0.46,0.31,4.04,4.0
2017-01-18,603398,66.87,65.97,66.87,65.46,11711,35011713.0,2.11,-1.51,-1.01,2.22,1.4100000000000108
2017-01-19,603398,65.44,65.57,67.42,64.12,10144,30158626.0,5.0,-0.61,-0.4,1.92,3.299999999999997
2017-01-20,603398,65.35,66.52,69.03,65.31,17067,52069386.0,5.67,1.45,0.95,3.23,3.719999999999999
2017-01-23,603398,66.52,67.55,68.1,66.52,12922,39505391.0,2.38,1.55,1.03,2.45,1.5799999999999983
2017-01-24,603398,68.15,66.89,68.15,66.5,8966,27215629.0,2.44,-0.98,-0.66,1.7,1.6500000000000057
2017-01-25,603398,66.5,67.18,67.31,66.45,7985,24242353.0,1.29,0.43,0.29,1.51,0.8599999999999994
2017-01-26,603398,67.18,68.3,68.7,66.8,13872,42756397.0,2.83,1.67,1.12,2.63,1.9000000000000057
2017-02-03,603398,68.43,69.55,69.91,67.9,13035,40903215.0,2.94,1.83,1.25,2.47,2.009999999999991
2017-02-06,603398,69.6,71.93,71.93,69.6,16599,53587747.0,3.35,3.42,2.38,3.14,2.3300000000000125
2017-02-07,603398,71.86,73.29,74.57,71.09,23083,76777419.0,4.84,1.89,1.36,4.37,3.4799999999999898
2017-02-08,603398,72.83,72.99,73.87,71.27,18428,60463039.0,3.55,-0.41,-0.3,3.49,2.6000000000000085
2017-02-09,603398,72.48,72.92,73.65,72.48,15069,49881937.0,1.6,-0.1,-0.07,2.85,1.1700000000000017
2017-02-10,603398,70.72,71.51,73.03,70.72,10274,33518230.0,3.17,-1.93,-1.41,1.95,2.3100000000000023
2017-02-13,603398,71.16,73.01,73.16,71.07,11782,38730480.0,2.92,2.1,1.5,2.23,2.0900000000000034
2017-02-14,603398,73.38,72.99,74.46,72.81,12688,42278609.0,2.26,-0.03,-0.02,2.4,1.6499999999999915
2017-02-15,603398,72.99,71.97,72.99,71.73,11205,36694735.0,1.73,-1.4,-1.02,2.12,1.259999999999991
2017-02-16,603398,71.97,73.03,73.51,71.53,14370,47417865.0,2.75,1.47,1.06,2.72,1.980000000000004
2017-02-17,603398,73.03,72.02,73.91,71.16,11479,37597121.0,3.77,-1.38,-1.01,2.17,2.75
2017-02-20,603398,71.67,70.59,72.79,69.91,21854,70177074.0,4.0,-1.99,-1.43,4.14,2.8800000000000097
2017-02-21,603398,70.37,71.07,71.09,69.8,17493,55749747.0,1.83,0.68,0.48,3.31,1.2900000000000063
2017-02-22,603398,70.63,72.13,72.15,70.63,13062,42360095.0,2.14,1.49,1.06,2.47,1.5200000000000102
2017-02-23,603398,72.63,71.12,72.74,70.65,17322,55931942.0,2.9,-1.4,-1.01,3.28,2.089999999999989
2017-02-24,603398,70.5,71.67,71.69,70.5,14455,46670241.0,1.67,0.77,0.55,2.74,1.1899999999999977
2017-02-27,603398,71.69,72.46,73.82,71.69,25650,84521555.0,2.97,1.1,0.79,4.86,2.1299999999999955
2017-02-28,603398,72.37,74.0,74.02,72.04,21786,72363183.0,2.73,2.13,1.54,4.13,1.9799999999999898
2017-03-01,603398,74.0,72.96,74.31,72.79,17126,56782348.0,2.05,-1.41,-1.04,3.24,1.519999999999996
2017-03-02,603398,73.6,72.33,73.6,72.15,11561,38042742.0,1.99,-0.86,-0.63,2.19,1.4499999999999886
2017-03-03,603398,72.15,73.1,73.23,70.85,15951,52288457.0,3.29,1.06,0.77,3.02,2.3800000000000097
2017-03-06,603398,73.03,73.25,73.45,72.15,20434,67559390.0,1.78,0.21,0.15,3.87,1.2999999999999972
2017-03-07,603398,73.47,76.37,77.1,73.27,53835,183960718.0,5.23,4.26,3.12,10.2,3.8299999999999983
2017-03-08,603398,75.67,75.41,76.99,75.1,24011,82595018.0,2.47,-1.26,-0.96,4.55,1.8900000000000006
2017-03-09,603398,75.14,75.1,75.98,74.61,17963,61303458.0,1.82,-0.41,-0.31,3.4,1.3700000000000045
2017-03-10,603398,75.01,75.98,76.0,74.26,17758,60527519.0,2.32,1.17,0.88,3.36,1.7399999999999949
2017-03-13,603398,75.89,76.26,77.12,74.97,25738,88919738.0,2.83,0.37,0.28,4.87,2.1500000000000057
2017-03-14,603398,75.52,75.01,75.98,74.79,17313,59006795.0,1.56,-1.64,-1.25,3.28,1.1899999999999977
2017-03-15,603398,74.44,74.5,74.83,74.2,13163,44419817.0,0.84,-0.68,-0.51,2.49,0.6299999999999955
2017-03-16,603398,74.57,74.83,75.63,74.46,12937,43965685.0,1.57,0.44,0.33,2.45,1.1700000000000017
2017-03-17,603398,74.64,74.28,75.32,73.69,14104,47763596.0,2.18,-0.74,-0.55,2.67,1.6299999999999955
2017-03-20,603398,74.13,74.39,74.57,73.12,12033,40252940.0,1.95,0.15,0.11,2.28,1.4499999999999886
2017-03-21,603398,74.13,76.84,76.92,74.13,27587,94854826.0,3.75,3.29,2.45,5.22,2.7900000000000063
2017-03-22,603398,77.21,76.9,78.27,75.89,32529,113666626.0,3.1,0.08,0.06,6.16,2.3799999999999955
2017-03-23,603398,76.13,76.66,77.78,75.12,20291,70536908.0,3.46,-0.31,-0.24,3.84,2.6599999999999966
2017-03-24,603398,76.09,76.81,76.95,75.67,13893,48078977.0,1.67,0.2,0.15,2.63,1.2800000000000011
2017-05-24,603398,69.16,69.16,69.16,69.16,317,993478.0,0.0,-9.96,-7.65,0.06,0.0
2017-05-25,603398,62.27,62.27,62.27,62.27,1353,3816813.0,0.0,-9.96,-6.89,0.26,0.0
2017-05-26,603398,56.07,56.07,57.12,56.07,67274,171047428.0,1.69,-9.96,-6.2,12.74,1.0499999999999972
2017-05-31,603398,55.87,53.36,55.87,53.3,47926,117956994.0,4.58,-4.83,-2.71,9.08,2.5700000000000003
2017-06-01,603398,52.48,48.04,52.48,48.04,53747,121246968.0,8.32,-9.97,-5.32,10.18,4.439999999999998
2017-06-02,603398,46.67,47.86,48.13,44.69,50096,104636783.0,7.16,-0.37,-0.18,9.49,3.440000000000005
2017-06-05,603398,47.22,47.86,48.48,46.45,26912,58262962.0,4.24,0.0,0.0,5.1,2.029999999999994
2017-06-06,603398,47.07,47.75,48.1,46.85,21592,46430025.0,2.61,-0.23,-0.11,4.09,1.25
2017-06-07,603398,47.75,49.56,49.93,47.51,34370,76227401.0,5.07,3.79,1.81,6.51,2.4200000000000017
2017-06-08,603398,49.64,51.25,52.75,49.05,45517,105471182.0,7.47,3.41,1.69,8.62,3.700000000000003
2017-06-09,603398,51.23,50.06,51.25,49.49,21391,48482213.0,3.43,-2.32,-1.19,4.05,1.759999999999998
2017-06-12,603398,50.15,47.8,50.15,47.2,27502,59946523.0,5.89,-4.51,-2.26,5.21,2.9499999999999957
2017-06-13,603398,47.42,48.54,49.05,47.22,16034,35127859.0,3.83,1.55,0.74,3.04,1.8299999999999983
2017-06-14,603398,48.54,48.1,48.61,47.33,21411,46517626.0,2.64,-0.91,-0.44,4.06,1.2800000000000011
2017-06-15,603398,48.13,49.64,49.84,47.86,40597,90298154.0,4.12,3.2,1.54,7.69,1.980000000000004
2017-06-16,603398,49.69,49.09,49.86,47.95,32679,72004977.0,3.85,-1.11,-0.55,6.19,1.9099999999999966
2017-06-19,603398,49.09,48.85,49.36,48.08,31088,68257296.0,2.61,-0.49,-0.24,5.89,1.2800000000000011
2017-06-20,603398,48.75,48.36,49.13,48.29,21618,47549555.0,1.72,-1.0,-0.49,4.09,0.8400000000000034
2017-06-21,603398,48.51,47.43,48.67,46.88,29492,63138790.0,3.7,-1.92,-0.93,5.59,1.7899999999999991
2017-06-22,603398,47.54,48.16,50.89,47.54,67538,149781094.0,7.06,1.54,0.73,12.79,3.3500000000000014
2017-06-23,603398,46.8,47.15,48.16,45.94,37814,79759122.0,4.61,-2.1,-1.01,7.16,2.219999999999999
2017-06-26,603398,46.75,47.74,47.92,46.33,22360,47661460.0,3.37,1.25,0.59,4.23,1.5900000000000034
2017-06-27,603398,47.65,47.54,47.87,46.86,14764,31554951.0,2.12,-0.42,-0.2,2.8,1.009999999999998
2017-06-28,603398,47.46,47.35,48.09,46.95,16917,36349714.0,2.4,-0.4,-0.19,3.2,1.1400000000000006
2017-06-29,603398,46.99,47.3,47.94,46.82,14558,31050374.0,2.37,-0.11,-0.05,2.76,1.1199999999999974
2017-06-30,603398,47.04,47.57,47.68,46.93,12667,27029087.0,1.59,0.57,0.27,2.4,0.75
2017-07-03,603398,47.63,47.63,47.92,47.26,10738,23007164.0,1.39,0.13,0.06,2.03,0.6600000000000037
2017-07-04,603398,47.92,47.35,47.92,47.21,12294,26341975.0,1.49,-0.59,-0.28,2.33,0.7100000000000009
2017-07-05,603398,47.13,47.9,47.98,47.1,15355,32970599.0,1.86,1.16,0.55,2.91,0.8799999999999955
2017-07-06,603398,47.74,47.35,48.09,47.08,16047,34317389.0,2.11,-1.15,-0.55,3.04,1.0100000000000051
2017-07-07,603398,47.06,48.18,48.25,47.06,21104,45445536.0,2.51,1.75,0.83,4.0,1.1899999999999977
2017-07-10,603398,48.29,48.2,50.54,48.14,36871,81644921.0,4.98,0.04,0.02,6.98,2.3999999999999986
2017-07-11,603398,46.82,46.55,47.5,46.36,21631,45729905.0,2.37,-3.42,-1.65,4.1,1.1400000000000006
2017-07-12,603398,46.4,46.03,46.64,44.95,16826,34616497.0,3.63,-1.12,-0.52,3.19,1.6899999999999977
2017-07-13,603398,46.07,46.29,46.51,45.61,9268,19254928.0,1.96,0.56,0.26,1.76,0.8999999999999986
2017-07-14,603398,46.38,45.59,46.38,45.45,8138,16781772.0,2.01,-1.51,-0.7,1.54,0.9299999999999997
2017-07-17,603398,45.15,41.08,45.15,41.08,31713,60318028.0,8.93,-9.89,-4.51,6.01,4.07
2017-07-18,603398,40.0,40.15,40.77,38.68,19163,34375871.0,5.09,-2.26,-0.93,3.63,2.0900000000000034
2017-07-19,603398,39.78,40.48,40.77,39.36,10032,18174757.0,3.51,0.82,0.33,1.9,1.4100000000000037
2017-07-20,603398,40.39,40.86,41.43,40.39,11461,21182140.0,2.57,0.94,0.38,2.17,1.0399999999999991
2017-07-21,603398,40.72,39.91,41.47,39.69,10572,19227665.0,4.36,-2.33,-0.95,2.0,1.7800000000000011
2017-07-24,603398,39.98,39.95,40.0,39.36,12106,21601874.0,1.6,0.1,0.04,2.29,0.6400000000000006
2017-07-25,603398,39.78,40.09,40.83,39.78,7619,13781075.0,2.63,0.35,0.14,1.44,1.0499999999999972
2017-07-26,603398,40.57,40.15,40.59,39.82,7766,14013503.0,1.92,0.15,0.06,1.47,0.7700000000000031
2017-07-27,603398,40.22,41.08,41.21,40.09,15108,27817135.0,2.79,2.32,0.93,2.86,1.1199999999999974
2017-07-28,603398,40.88,40.81,41.43,40.68,13606,25129220.0,1.83,-0.66,-0.27,2.58,0.75
2017-07-31,603398,40.86,40.81,41.05,40.44,10887,19940939.0,1.49,0.0,0.0,2.06,0.6099999999999994
2017-08-01,603398,40.79,40.61,40.9,40.46,10111,18506836.0,1.08,-0.49,-0.2,1.92,0.4399999999999977
2017-08-02,603398,40.66,39.56,40.75,39.34,12899,23156874.0,3.47,-2.59,-1.05,2.44,1.4099999999999966
2017-08-03,603398,39.56,40.26,40.59,39.12,13263,24015458.0,3.72,1.77,0.7,2.51,1.470000000000006
2017-08-04,603398,39.95,39.8,40.31,39.58,10534,18877276.0,1.81,-1.14,-0.46,2.0,0.730000000000004
2017-08-07,603398,39.87,40.17,40.24,39.56,7832,14114969.0,1.71,0.93,0.37,1.48,0.6799999999999997
2017-08-08,603398,39.82,40.48,40.86,39.82,10592,19190951.0,2.59,0.77,0.31,2.01,1.0399999999999991
2017-08-09,603398,40.44,44.49,44.49,40.13,26984,52372239.0,10.77,9.91,4.01,5.11,4.359999999999999
2017-08-10,603398,45.28,44.05,47.7,43.98,75389,155637196.0,8.36,-0.99,-0.44,14.28,3.720000000000006
2017-08-11,603398,44.62,42.57,44.95,42.02,36534,70252214.0,6.65,-3.36,-1.48,6.92,2.9299999999999997
2017-08-14,603398,42.86,43.36,44.4,41.54,31597,61012251.0,6.72,1.86,0.79,5.98,2.8599999999999994
2017-08-15,603398,42.86,42.7,43.23,42.13,23956,45945721.0,2.54,-1.52,-0.66,4.54,1.0999999999999943
2017-08-16,603398,42.62,44.07,44.13,42.22,31764,61822450.0,4.47,3.21,1.37,6.02,1.9100000000000037
2017-08-17,603398,43.8,43.5,43.85,43.12,20759,40676327.0,1.66,-1.29,-0.57,3.93,0.730000000000004
2017-08-18,603398,42.95,42.84,43.23,42.75,11646,22508831.0,1.1,-1.52,-0.66,2.21,0.4799999999999969
2017-08-21,603398,42.99,43.43,43.74,42.75,12061,23497234.0,2.31,1.38,0.59,2.28,0.990000000000002
2017-08-22,603398,43.43,42.55,43.43,42.42,14412,27705234.0,2.33,-2.03,-0.88,2.73,1.009999999999998
2017-08-23,603398,42.97,42.64,43.17,42.46,10030,19343212.0,1.67,0.21,0.09,1.9,0.7100000000000009
2017-08-24,603398,42.64,42.37,42.79,42.2,10207,19466941.0,1.38,-0.63,-0.27,1.93,0.5899999999999963
2017-08-25,603398,42.46,42.95,43.08,42.29,11258,21667121.0,1.86,1.37,0.58,2.13,0.7899999999999991
2017-08-28,603398,42.99,43.47,43.96,42.99,19527,38212958.0,2.26,1.21,0.52,3.7,0.9699999999999989
2017-08-29,603398,43.63,44.07,44.38,43.12,21612,42512883.0,2.9,1.38,0.6,4.09,1.2600000000000051
2017-08-30,603398,43.78,43.72,44.16,43.32,15922,31422644.0,1.91,-0.79,-0.35,3.02,0.8399999999999963
2017-08-31,603398,44.29,47.1,47.57,43.85,72482,150833401.0,8.51,7.73,3.38,13.73,3.719999999999999
2017-09-01,603398,46.55,46.38,47.04,45.85,37025,77380283.0,2.53,-1.53,-0.72,7.01,1.1899999999999977
2017-09-04,603398,46.29,46.55,47.04,45.56,27745,57817083.0,3.19,0.37,0.17,5.25,1.4799999999999969
2017-09-05,603398,46.69,46.2,46.69,45.94,14559,30323928.0,1.61,-0.75,-0.35,2.76,0.75
2017-09-06,603398,45.72,45.78,46.2,45.56,14322,29592481.0,1.39,-0.91,-0.42,2.71,0.6400000000000006
2017-09-07,603398,46.14,46.07,46.84,45.72,25150,52570496.0,2.45,0.63,0.29,4.76,1.1200000000000045
2017-09-08,603398,45.83,45.92,46.36,45.61,10806,22318256.0,1.63,-0.33,-0.15,2.05,0.75
2017-09-11,603398,46.0,46.64,48.05,45.96,22289,47127413.0,4.55,1.57,0.72,4.22,2.0899999999999963
2017-09-12,603398,46.27,45.83,46.82,45.52,17921,37270010.0,2.79,-1.74,-0.81,3.39,1.2999999999999972
2017-09-13,603398,46.27,45.94,46.27,45.59,6886,14199368.0,1.48,0.24,0.11,1.3,0.6799999999999997
2017-09-14,603398,45.5,45.67,46.05,45.5,8560,17643969.0,1.2,-0.59,-0.27,1.62,0.5499999999999972
2017-09-15,603398,45.67,46.36,46.77,44.97,15619,31956776.0,3.94,1.51,0.69,2.96,1.8000000000000043
2017-09-18,603398,46.36,47.41,47.54,46.18,29395,62518004.0,2.93,2.26,1.05,5.57,1.3599999999999994
2017-09-19,603398,47.26,46.8,47.39,46.6,15025,31710559.0,1.67,-1.29,-0.61,2.85,0.7899999999999991
2017-09-20,603398,46.82,47.3,47.57,46.82,17934,38146134.0,1.6,1.07,0.5,3.4,0.75
2017-09-21,603398,46.99,46.53,48.05,46.49,21400,45674595.0,3.3,-1.63,-0.77,4.05,1.5599999999999952
2017-09-22,603398,46.18,46.47,46.71,45.32,17563,36210695.0,2.99,-0.13,-0.06,3.33,1.3900000000000006
2017-09-25,603398,46.16,46.53,47.04,45.72,13487,28261102.0,2.84,0.13,0.06,2.55,1.3200000000000003
2017-09-26,603398,46.0,45.83,46.53,45.54,8817,18212255.0,2.13,-1.5,-0.7,1.67,0.990000000000002
2017-09-27,603398,45.83,45.56,46.2,45.39,7994,16490351.0,1.77,-0.59,-0.27,1.51,0.8100000000000023
2017-09-28,603398,45.56,45.43,45.94,45.17,7190,14724880.0,1.69,-0.29,-0.13,1.36,0.769999999999996
2017-09-29,603398,45.56,46.33,47.7,45.37,24753,51586566.0,5.13,1.98,0.9,4.69,2.3300000000000054
2017-10-09,603398,46.51,45.89,46.91,45.76,19743,40917459.0,2.48,-0.95,-0.44,3.74,1.1499999999999986
2017-10-10,603398,45.81,46.95,47.04,45.65,22683,47456341.0,3.03,2.31,1.06,4.3,1.3900000000000006
2017-10-11,603398,46.91,47.06,47.39,46.51,17709,37470169.0,1.87,0.23,0.11,3.35,0.8800000000000026
2017-10-12,603398,47.32,46.49,47.32,46.18,12803,26966985.0,2.42,-1.21,-0.57,2.42,1.1400000000000006
2017-10-13,603398,46.64,47.21,47.35,46.64,22249,47142827.0,1.53,1.55,0.72,4.21,0.7100000000000009
2017-10-16,603398,47.21,44.44,47.65,44.38,28580,58822066.0,6.93,-5.87,-2.77,5.41,3.269999999999996
2017-10-17,603398,44.31,44.38,44.95,43.74,9827,19672892.0,2.72,-0.14,-0.06,1.86,1.2100000000000009
2017-10-18,603398,44.75,43.94,44.95,43.89,9555,19138017.0,2.39,-0.99,-0.44,1.81,1.0600000000000023
2017-10-19,603398,44.07,42.42,44.13,41.8,14507,27901858.0,5.3,-3.46,-1.52,2.75,2.3300000000000054
2017-10-20,603398,42.42,42.92,42.97,42.09,5840,11195625.0,2.07,1.18,0.5,1.11,0.8799999999999955
2017-10-23,603398,42.92,42.88,43.28,42.51,6324,12186112.0,1.79,-0.09,-0.04,1.2,0.7700000000000031
2017-10-24,603398,42.88,42.15,42.88,41.93,9188,17474874.0,2.22,-1.7,-0.73,1.74,0.9500000000000028
2017-10-25,603398,41.85,42.53,42.66,41.85,5901,11261933.0,1.92,0.9,0.38,1.12,0.8099999999999952
2017-10-26,603398,42.59,43.94,45.61,42.59,20460,40822239.0,7.1,3.32,1.41,3.87,3.019999999999996
2017-10-27,603398,43.3,43.12,43.78,42.79,12648,24600513.0,2.25,-1.87,-0.82,2.4,0.990000000000002
2017-10-30,603398,43.1,41.34,43.1,41.14,10336,19404038.0,4.55,-4.13,-1.78,1.96,1.9600000000000009
2017-10-31,603398,41.23,41.54,41.74,41.1,5735,10679353.0,1.55,0.48,0.2,1.09,0.6400000000000006
2017-11-01,603398,41.54,41.49,42.09,41.34,7641,14338728.0,1.81,-0.12,-0.05,1.45,0.75
2017-11-02,603398,41.54,40.77,41.98,40.75,6482,11999459.0,2.96,-1.74,-0.72,1.23,1.2299999999999969
2017-11-03,603398,40.77,40.61,41.27,40.53,6353,11681373.0,1.82,-0.39,-0.16,1.2,0.740000000000002
2017-11-06,603398,40.61,40.92,40.99,39.78,10724,19412952.0,2.98,0.76,0.31,2.03,1.2100000000000009
2017-11-07,603398,40.94,40.72,41.08,40.15,7022,12805398.0,2.27,-0.49,-0.2,1.33,0.9299999999999997
2017-11-08,603398,40.44,40.59,41.03,40.22,10428,19124176.0,1.99,-0.32,-0.13,1.97,0.8100000000000023
2017-11-09,603398,40.39,41.1,41.34,40.33,10221,18774382.0,2.49,1.26,0.51,1.94,1.0100000000000051
2017-11-10,603398,41.05,40.94,41.49,40.83,9164,16934580.0,1.61,-0.39,-0.16,1.74,0.6600000000000037
2017-11-13,603398,40.88,40.33,41.08,40.13,10316,18761501.0,2.32,-1.49,-0.61,1.95,0.9499999999999957
2017-11-14,603398,40.22,39.95,40.39,39.56,9706,17444001.0,2.06,-0.94,-0.38,1.84,0.8299999999999983
2017-11-15,603398,40.0,40.11,40.22,39.12,6685,11966992.0,2.75,0.4,0.16,1.27,1.1000000000000014
2017-11-16,603398,39.73,39.62,40.39,39.56,7145,12878219.0,2.07,-1.22,-0.49,1.35,0.8299999999999983
2017-11-17,603398,39.58,37.58,39.91,37.45,14393,24766252.0,6.21,-5.15,-2.04,2.73,2.4599999999999937
2017-11-20,603398,37.97,37.05,37.97,35.71,8839,14484606.0,6.01,-1.41,-0.53,1.67,2.259999999999998
2017-11-21,603398,36.94,37.25,37.31,36.81,6491,10823974.0,1.35,0.54,0.2,1.23,0.5
2017-11-22,603398,39.27,39.91,40.9,39.16,50456,90657446.0,4.67,7.14,2.66,9.56,1.740000000000002
2017-11-23,603398,37.82,38.15,39.1,37.8,25781,44509769.0,3.26,-4.41,-1.76,4.88,1.3000000000000043
2017-11-24,603398,38.35,38.0,38.35,37.27,12762,21674553.0,2.83,-0.39,-0.15,2.42,1.0799999999999983
2017-11-27,603398,37.75,36.39,37.97,36.21,15395,25397816.0,4.63,-4.24,-1.61,2.92,1.759999999999998
2017-11-28,603398,36.5,36.74,36.85,35.66,7038,11537462.0,3.27,0.96,0.35,1.33,1.1900000000000048
2017-11-29,603398,36.92,36.59,36.92,36.1,6150,10083900.0,2.23,-0.41,-0.15,1.16,0.8200000000000003
2017-11-30,603398,36.48,36.15,36.72,35.99,6753,11011407.0,2.0,-1.2,-0.44,1.28,0.7299999999999969
2017-12-01,603398,36.32,36.3,36.37,35.8,6603,10733260.0,1.58,0.41,0.15,1.25,0.5700000000000003
2017-12-04,603398,36.28,35.44,36.3,35.27,7032,11322827.0,2.84,-2.37,-0.86,1.33,1.029999999999994
2017-12-05,603398,35.64,34.1,35.66,33.4,9640,14942573.0,6.38,-3.78,-1.34,1.83,2.259999999999998
2017-12-06,603398,34.06,34.81,34.94,33.4,6766,10352501.0,4.52,2.08,0.71,1.28,1.5399999999999991
2017-12-07,603398,34.78,34.7,34.94,34.3,4336,6769411.0,1.84,-0.32,-0.11,0.82,0.6400000000000006
2017-12-08,603398,34.7,35.18,35.31,34.7,5205,8220021.0,1.76,1.38,0.48,0.99,0.6099999999999994
2017-12-11,603398,35.11,35.71,35.77,34.87,4994,7952919.0,2.56,1.51,0.53,0.95,0.9000000000000057
2017-12-12,603398,35.93,34.89,36.15,34.76,4994,7922897.0,3.89,-2.3,-0.82,0.95,1.3900000000000006
2017-12-13,603398,35.33,35.09,35.33,34.61,2927,4584316.0,2.06,0.57,0.2,0.55,0.7199999999999989
2017-12-14,603398,35.09,34.96,35.11,34.7,2925,4582966.0,1.17,-0.37,-0.13,0.55,0.4099999999999966
2017-12-15,603398,34.98,35.14,35.2,34.54,3508,5485292.0,1.89,0.51,0.18,0.66,0.6600000000000037
2017-12-18,603398,34.87,34.61,35.18,34.43,3803,5933572.0,2.13,-1.51,-0.53,0.72,0.75
2017-12-19,603398,34.56,34.72,34.94,34.48,3624,5653644.0,1.33,0.32,0.11,0.69,0.46000000000000085
2017-12-20,603398,34.72,33.93,34.72,33.79,4980,7631865.0,2.68,-2.28,-0.79,0.94,0.9299999999999997
2017-12-21,603398,33.84,34.28,34.5,33.6,4228,6504175.0,2.65,1.03,0.35,0.8,0.8999999999999986
2017-12-22,603398,34.06,33.86,34.67,33.84,3528,5400795.0,2.42,-1.23,-0.42,0.67,0.8299999999999983
2017-12-25,603398,34.5,33.57,34.52,33.42,4297,6493609.0,3.25,-0.86,-0.29,0.81,1.1000000000000014
2017-12-26,603398,33.6,34.52,35.16,33.6,8100,12592039.0,4.65,2.83,0.95,1.53,1.5599999999999952
2017-12-27,603398,34.54,35.0,35.07,33.84,10098,15681797.0,3.56,1.39,0.48,1.91,1.2299999999999969
2017-12-28,603398,34.94,34.78,35.51,34.65,7486,11792182.0,2.46,-0.63,-0.22,1.42,0.8599999999999994
2017-12-29,603398,34.72,35.14,35.27,34.26,6131,9580883.0,2.9,1.04,0.36,1.16,1.0100000000000051
2018-01-02,603398,34.81,35.33,35.6,34.81,5980,9494829.0,2.25,0.54,0.19,1.13,0.7899999999999991
2018-01-03,603398,35.49,35.49,35.49,35.05,8426,13359170.0,1.25,0.45,0.16,1.6,0.44000000000000483
2018-01-04,603398,35.33,35.66,35.95,35.25,8733,13993049.0,1.97,0.48,0.17,1.65,0.7000000000000028
2018-01-05,603398,35.69,36.61,36.83,35.53,15759,25739972.0,3.65,2.66,0.95,2.98,1.2999999999999972
2018-01-08,603398,37.14,36.74,37.14,36.04,7990,13080152.0,3.0,0.36,0.13,1.51,1.1000000000000014
2018-01-09,603398,36.87,37.62,40.37,36.59,32054,55711287.0,10.29,2.4,0.88,6.07,3.779999999999994
2018-01-10,603398,37.18,36.3,37.18,35.84,20084,32901660.0,3.56,-3.51,-1.32,3.8,1.3399999999999963
2018-01-11,603398,36.39,36.41,37.34,36.32,10304,16965317.0,2.81,0.3,0.11,1.95,1.0200000000000031
2018-01-12,603398,36.04,36.98,38.46,35.44,22688,37695713.0,8.29,1.57,0.57,4.3,3.020000000000003
2018-01-15,603398,36.48,35.82,36.61,35.69,12377,20037246.0,2.49,-3.14,-1.16,2.34,0.9200000000000017
2018-01-16,603398,35.82,36.26,36.59,35.71,8711,14155232.0,2.46,1.23,0.44,1.65,0.8800000000000026
2018-01-17,603398,36.13,38.06,39.29,35.36,31372,53118046.0,10.84,4.96,1.8,5.94,3.9299999999999997
2018-01-18,603398,37.69,37.78,38.88,37.27,23493,40145392.0,4.23,-0.74,-0.28,4.45,1.6099999999999994
2018-01-19,603398,37.95,37.25,38.02,37.12,11756,19797791.0,2.38,-1.4,-0.53,2.23,0.9000000000000057
2018-01-22,603398,36.81,36.08,36.81,35.33,14537,23466202.0,3.97,-3.14,-1.17,2.75,1.480000000000004
2018-01-23,603398,36.04,35.82,36.54,35.58,8069,13052937.0,2.66,-0.72,-0.26,1.53,0.9600000000000009
2018-01-24,603398,35.88,36.04,36.26,35.62,8312,13438076.0,1.79,0.61,0.22,1.57,0.6400000000000006
2018-01-25,603398,36.15,35.66,36.15,35.62,8281,13349864.0,1.47,-1.05,-0.38,1.57,0.5300000000000011
2018-01-26,603398,35.69,35.4,36.04,35.29,7630,12214199.0,2.1,-0.73,-0.26,1.45,0.75
2018-01-29,603398,35.16,34.41,35.27,34.3,8877,13818807.0,2.74,-2.8,-0.99,1.68,0.970000000000006
2018-01-30,603398,34.67,34.28,34.67,34.12,4708,7266106.0,1.6,-0.38,-0.13,0.89,0.5500000000000043
2018-01-31,603398,34.12,33.07,34.28,32.96,9320,14073624.0,3.85,-3.53,-1.21,1.77,1.3200000000000003
2018-02-01,603398,33.18,30.58,33.79,30.3,15592,22247950.0,10.55,-7.53,-2.49,2.95,3.4899999999999984
2018-02-02,603398,30.47,29.86,30.47,29.11,7072,9451066.0,4.45,-2.35,-0.72,1.34,1.3599999999999994
2018-05-30,603398,32.8,32.8,32.8,32.8,2987,4399439.0,0.0,9.85,2.94,0.57,0.0
2018-05-31,603398,36.04,36.04,36.04,36.04,9808,15888636.0,0.0,9.88,3.24,1.86,0.0
2018-06-01,603398,39.6,37.73,39.6,36.3,121797,211138531.0,9.16,4.69,1.69,23.07,3.3000000000000043
2018-06-04,603398,37.05,35.58,38.04,34.83,94690,152968897.0,8.51,-5.7,-2.15,17.93,3.210000000000001
2018-06-05,603398,35.22,35.27,36.26,33.95,76460,120024731.0,6.49,-0.87,-0.31,14.48,2.309999999999995
2018-06-06,603398,34.72,34.3,35.11,33.0,67763,103732720.0,5.98,-2.75,-0.97,12.83,2.1099999999999994
2018-06-07,603398,34.06,34.54,34.72,33.18,47478,72692410.0,4.49,0.7,0.24,8.99,1.5399999999999991
2018-06-08,603398,34.85,34.08,37.8,33.99,78821,125363338.0,11.03,-1.33,-0.46,14.93,3.809999999999995
2018-06-11,603398,31.92,32.12,33.29,31.86,50911,74108658.0,4.2,-5.75,-1.96,9.64,1.4299999999999997
2018-06-12,603398,32.98,35.29,35.29,32.32,38668,59552344.0,9.25,9.87,3.17,7.32,2.969999999999999
2018-06-13,603398,38.76,38.76,38.76,38.43,99447,172522823.0,0.94,9.83,3.47,18.83,0.3299999999999983
2018-06-14,603398,38.21,41.0,42.59,37.15,217604,393163200.0,14.04,5.78,2.24,41.21,5.440000000000005
2018-06-15,603398,38.34,36.96,39.44,36.96,142817,242487751.0,6.05,-9.85,-4.04,27.05,2.479999999999997
2018-06-19,603398,34.05,33.33,34.91,33.33,69241,104279865.0,4.27,-9.82,-3.63,13.11,1.5799999999999983
2018-06-20,603398,31.37,32.95,34.23,31.06,79309,115061559.0,9.51,-1.14,-0.38,15.02,3.169999999999998
2018-06-21,603398,32.49,34.25,35.7,32.29,89817,135508713.0,10.35,3.95,1.3,17.01,3.4100000000000037
2018-06-22,603398,33.44,34.4,35.13,30.88,75345,112129180.0,12.41,0.44,0.15,14.27,4.2500000000000036
2018-06-25,603398,34.73,37.79,37.79,34.12,107105,173956172.0,10.67,9.85,3.39,20.28,3.6700000000000017
2018-06-26,603398,37.11,38.5,39.07,36.41,142430,241366202.0,7.04,1.88,0.71,26.98,2.6600000000000037
2018-06-27,603398,37.99,38.08,38.34,36.91,90803,153496149.0,3.71,-1.09,-0.42,17.2,1.4300000000000068
2018-06-28,603398,37.79,36.27,37.99,35.77,74712,123213562.0,5.83,-4.75,-1.81,14.15,2.219999999999999
2018-06-29,603398,36.89,38.45,39.84,36.56,138060,238589935.0,9.04,6.01,2.18,26.15,3.280000000000001
2018-07-02,603398,37.68,42.24,42.24,37.02,152138,270149456.0,13.58,9.86,3.79,28.81,5.219999999999999
2018-07-03,603398,44.46,42.24,46.39,41.31,218653,433676096.0,12.03,0.0,0.0,41.41,5.079999999999998
2018-07-04,603398,40.67,41.11,43.14,40.19,132640,245955657.0,6.98,-2.68,-1.13,25.12,2.950000000000003
2018-07-05,603398,39.29,37.07,40.01,37.07,102986,176873365.0,7.15,-9.83,-4.04,19.51,2.9399999999999977
2018-07-06,603398,36.89,40.72,40.72,36.08,111292,195441118.0,12.52,9.85,3.65,21.08,4.640000000000001
2018-07-09,603398,41.69,41.03,41.91,40.28,133084,244118832.0,4.0,0.76,0.31,25.21,1.6299999999999955
2018-07-10,603398,41.22,42.1,42.32,40.32,114319,212280415.0,4.87,2.61,1.07,21.65,2.0
2018-07-11,603398,41.07,40.59,41.25,39.24,76080,137074560.0,4.77,-3.59,-1.51,14.41,2.009999999999998
2018-07-12,603398,40.28,41.73,43.03,40.21,97922,182175019.0,6.95,2.81,1.14,18.55,2.8200000000000003
2018-07-13,603398,41.03,40.34,41.66,39.42,68027,124098437.0,5.37,-3.33,-1.39,12.88,2.239999999999995
2018-07-16,603398,39.68,39.88,40.81,39.02,41558,73788193.0,4.44,-1.14,-0.46,7.87,1.7899999999999991
2018-07-17,603398,39.27,39.86,40.08,39.0,33824,59920087.0,2.71,-0.05,-0.02,6.41,1.0799999999999983
2018-07-18,603398,39.55,42.02,43.73,39.49,126193,234982767.0,10.64,5.42,2.16,23.9,4.239999999999995
2018-07-19,603398,41.18,41.18,41.64,39.75,71389,130609758.0,4.5,-2.0,-0.84,13.52,1.8900000000000006
2018-07-20,603398,40.7,41.03,42.35,40.32,63040,117018208.0,4.93,-0.36,-0.15,11.94,2.030000000000001
2018-07-23,603398,41.51,42.52,42.83,41.14,83134,156359565.0,4.12,3.63,1.49,15.75,1.6899999999999977
2018-07-24,603398,42.61,42.26,42.74,41.86,67208,127218729.0,2.07,-0.61,-0.26,12.73,0.8800000000000026
2018-07-25,603398,41.95,40.98,42.15,40.74,59210,109501727.0,3.34,-3.03,-1.28,11.21,1.4099999999999966
2018-07-26,603398,40.74,38.43,40.76,38.39,66670,117007987.0,5.78,-6.22,-2.55,12.63,2.3699999999999974
2018-07-27,603398,37.86,38.69,38.83,37.75,30938,53113556.0,2.81,0.68,0.26,5.86,1.0799999999999983
2018-07-30,603398,38.47,36.27,38.52,34.93,49811,81697119.0,9.28,-6.25,-2.42,9.43,3.5900000000000034
2018-07-31,603398,36.1,36.36,36.89,35.81,22914,37240352.0,2.98,0.25,0.09,4.34,1.0799999999999983
2018-08-01,603398,36.43,34.8,36.65,34.69,32589,51696603.0,5.39,-4.29,-1.56,6.17,1.9600000000000009
2018-08-02,603398,34.34,32.78,34.78,31.9,36794,53976836.0,8.28,-5.8,-2.02,6.97,2.8800000000000026
2018-08-03,603398,32.67,32.53,33.3,32.29,23556,34646262.0,3.08,-0.76,-0.25,4.46,1.009999999999998
2018-08-06,603398,32.2,33.28,34.45,31.85,35952,53403015.0,7.99,2.31,0.75,6.81,2.6000000000000014
2018-08-07,603398,32.93,34.45,34.47,32.82,36780,55733262.0,4.96,3.52,1.17,6.97,1.6499999999999986
2018-08-08,603398,34.25,32.49,34.25,32.29,30432,45254511.0,5.69,-5.69,-1.96,5.76,1.9600000000000009
2018-08-09,603398,31.87,33.19,33.81,31.85,24866,36657179.0,6.03,2.15,0.7,4.71,1.9600000000000009
2018-08-10,603398,33.15,34.01,34.73,33.02,33126,50080361.0,5.15,2.47,0.82,6.27,1.7099999999999937
2018-08-13,603398,33.37,35.13,36.34,33.02,50551,79040904.0,9.76,3.29,1.12,9.57,3.3200000000000003
2018-08-14,603398,36.08,35.28,37.07,35.17,59719,96615374.0,5.41,0.43,0.15,11.31,1.8999999999999986
2018-08-15,603398,34.36,33.9,35.24,33.61,41021,62608958.0,4.62,-3.91,-1.38,7.77,1.6300000000000026
2018-08-16,603398,33.15,34.89,36.89,32.58,52635,81756361.0,12.71,2.92,0.99,9.97,4.310000000000002
2018-08-17,603398,35.59,36.1,36.34,33.81,70468,111208020.0,7.25,3.47,1.21,13.35,2.530000000000001
2018-08-20,603398,35.55,34.8,35.79,33.74,43272,67047191.0,5.68,-3.6,-1.3,8.2,2.049999999999997
2018-08-21,603398,34.8,34.69,34.8,33.83,27200,41774249.0,2.79,-0.32,-0.11,5.15,0.9699999999999989
2018-08-22,603398,34.32,33.11,34.62,32.91,27706,41586141.0,4.93,-4.55,-1.58,5.25,1.7100000000000009
2018-08-23,603398,32.97,33.19,33.81,32.93,20156,30090994.0,2.66,0.24,0.08,3.82,0.8800000000000026
2018-08-24,603398,33.08,32.29,33.08,32.23,20482,29775941.0,2.56,-2.71,-0.9,3.88,0.8500000000000014
2018-08-27,603398,32.47,32.73,33.08,32.2,23298,33898459.0,2.73,1.36,0.44,4.41,0.8799999999999955
2018-08-28,603398,33.15,33.15,34.01,33.0,32278,48202754.0,3.09,1.28,0.42,6.11,1.009999999999998
2018-08-29,603398,32.95,32.58,33.04,32.38,18510,26922333.0,1.99,-1.72,-0.57,3.51,0.6599999999999966
2018-08-30,603398,32.6,31.28,32.6,31.26,25420,36016245.0,4.11,-3.99,-1.3,4.81,1.3399999999999999
2018-08-31,603398,31.24,30.18,31.5,29.98,19763,27036306.0,4.86,-3.52,-1.1,3.74,1.5199999999999996
2018-09-03,603398,29.3,29.98,30.11,29.3,16114,21274757.0,2.68,-0.66,-0.2,3.05,0.8099999999999987
2018-09-04,603398,30.51,30.69,31.83,30.29,24506,33844404.0,5.14,2.37,0.71,4.64,1.5399999999999991
2018-09-05,603398,30.4,29.89,31.06,29.87,16111,21789198.0,3.88,-2.61,-0.8,3.05,1.1899999999999977
2018-09-06,603398,29.32,28.75,29.76,28.11,33230,42706011.0,5.52,-3.81,-1.14,6.23,1.6500000000000021
2018-09-07,603398,28.75,28.53,29.34,28.2,17951,23023650.0,3.97,-0.77,-0.22,3.37,1.1400000000000006
2018-09-10,603398,28.62,28.44,28.9,28.29,14172,18045907.0,2.14,-0.32,-0.09,2.66,0.6099999999999994
2018-09-11,603398,28.6,28.79,29.39,28.6,17924,23110248.0,2.78,1.23,0.35,3.36,0.7899999999999991
2018-09-12,603398,28.35,28.38,28.62,28.02,14968,18842232.0,2.08,-1.42,-0.41,2.81,0.6000000000000014
2018-09-13,603398,28.44,28.22,28.82,27.8,12791,16075276.0,3.59,-0.56,-0.16,2.4,1.0199999999999996
2018-09-14,603398,28.18,27.32,28.29,27.32,14397,17769029.0,3.44,-3.19,-0.9,2.7,0.9699999999999989
2018-09-17,603398,27.39,26.15,27.61,25.98,15493,18288615.0,5.97,-4.28,-1.17,2.91,1.629999999999999
2018-09-18,603398,26.24,26.88,27.25,26.02,17717,21096715.0,4.7,2.79,0.73,3.32,1.2300000000000004
2018-09-19,603398,26.75,27.23,27.5,26.75,16232,19611700.0,2.79,1.3,0.35,3.05,0.75
2018-09-20,603398,27.5,27.03,27.69,26.79,13299,16031030.0,3.31,-0.73,-0.2,2.5,0.9000000000000021
2018-09-21,603398,27.1,27.47,28.42,27.03,21101,25868064.0,5.14,1.63,0.44,3.96,1.3900000000000006
2018-09-25,603398,27.1,27.08,27.39,26.81,10820,13033739.0,2.11,-1.42,-0.39,2.03,0.5800000000000018
2018-09-26,603398,27.19,27.03,27.41,27.01,12077,14602819.0,1.48,-0.18,-0.05,2.27,0.3999999999999986
2018-09-27,603398,27.19,25.74,27.36,25.71,18591,21804629.0,6.1,-4.77,-1.29,3.49,1.6499999999999986
2018-09-28,603398,25.34,26.37,26.44,25.32,13369,15535460.0,4.35,2.45,0.63,2.51,1.120000000000001
2018-10-08,603398,26.24,25.08,26.24,24.68,14484,16393336.0,5.92,-4.89,-1.29,2.72,1.5599999999999987
2018-10-09,603398,25.1,25.63,26.0,25.1,9969,11327377.0,3.59,2.19,0.55,1.87,0.8999999999999986
2018-10-10,603398,25.71,25.58,25.98,25.14,10314,11639088.0,3.28,-0.2,-0.05,1.94,0.8399999999999999
2018-10-11,603398,24.79,23.07,24.79,23.07,17556,18411027.0,6.72,-9.81,-2.51,3.29,1.7199999999999989
2018-10-12,603398,22.81,22.22,22.9,20.87,22395,21812552.0,8.8,-3.68,-0.85,4.2,2.0299999999999976
2018-10-15,603398,22.61,22.61,23.34,22.28,19249,19521563.0,4.77,1.76,0.39,3.61,1.0599999999999987
2018-10-16,603398,22.96,22.13,23.23,21.95,13185,13190687.0,5.66,-2.12,-0.48,2.47,1.2800000000000011
2018-10-17,603398,22.99,22.63,23.01,22.0,10682,10628281.0,4.56,2.26,0.5,2.0,1.0100000000000016
2018-10-18,603398,22.66,21.62,22.66,21.23,14162,13721399.0,6.32,-4.46,-1.01,2.66,1.4299999999999997
2018-10-19,603398,20.68,22.11,22.24,20.68,11895,11450733.0,7.22,2.27,0.49,2.23,1.5599999999999987
2018-10-22,603398,22.68,23.8,24.26,22.61,30210,31648719.0,7.46,7.64,1.69,5.67,1.6500000000000021
2018-10-23,603398,23.47,23.03,23.78,22.94,21973,22719796.0,3.53,-3.24,-0.77,4.12,0.8399999999999999
2018-10-24,603398,22.77,22.88,23.4,22.77,13807,14119023.0,2.74,-0.65,-0.15,2.59,0.629999999999999
2018-10-25,603398,22.22,22.26,22.5,21.49,14951,14558625.0,4.41,-2.71,-0.62,2.8,1.0100000000000016
2018-10-26,603398,22.46,24.44,24.44,22.39,40025,41914721.0,9.21,9.79,2.18,7.51,2.0500000000000007
2018-10-29,603398,24.66,24.81,26.51,24.35,75503,84556529.0,8.84,1.51,0.37,14.17,2.16
2018-10-30,603398,24.35,25.32,26.07,23.4,67160,72893222.0,10.76,2.06,0.51,12.6,2.6700000000000017
2018-10-31,603398,24.7,25.01,25.45,24.55,49583,54973893.0,3.55,-1.22,-0.31,9.3,0.8999999999999986
2018-11-01,603398,24.79,25.1,25.41,24.72,41955,46649035.0,2.76,0.36,0.09,7.87,0.6900000000000013
2018-11-02,603398,25.19,25.63,25.85,24.92,48125,54127203.0,3.71,2.11,0.53,9.03,0.9299999999999997
2018-11-05,603398,25.3,26.02,26.73,25.3,51192,58710474.0,5.58,1.52,0.39,9.6,1.4299999999999997
2018-11-06,603398,26.0,25.27,26.0,24.92,34524,38756843.0,4.15,-2.88,-0.75,6.48,1.0799999999999983
2018-11-07,603398,25.6,24.9,25.67,24.81,25118,28021289.0,3.4,-1.46,-0.37,4.71,0.860000000000003
2018-11-08,603398,25.03,25.12,25.98,24.83,28106,31542399.0,4.62,0.88,0.22,5.27,1.1500000000000021
2018-11-09,603398,25.19,24.83,25.41,24.59,19914,22114521.0,3.26,-1.15,-0.29,3.74,0.8200000000000003
2018-11-12,603398,24.72,25.38,25.45,24.35,22765,25455535.0,4.43,2.22,0.55,4.27,1.0999999999999979
2018-11-13,603398,25.08,25.67,26.66,25.01,43686,50216116.0,6.5,1.14,0.29,8.2,1.6499999999999986
2018-11-14,603398,26.11,26.77,26.9,25.91,62079,72788835.0,3.86,4.29,1.1,11.65,0.9899999999999984
2018-11-15,603398,26.26,26.88,26.88,26.13,47982,56438283.0,2.8,0.41,0.11,9.0,0.75
2018-11-16,603398,26.55,25.96,26.55,24.97,51431,59410453.0,5.88,-3.42,-0.92,9.65,1.5800000000000018
2018-11-19,603398,25.82,25.89,26.09,25.47,22915,26213042.0,2.39,-0.27,-0.07,4.3,0.620000000000001
2018-11-20,603398,25.69,25.32,25.8,25.32,20344,23059808.0,1.85,-2.2,-0.57,3.82,0.4800000000000004
2018-11-21,603398,25.25,25.54,25.78,25.08,14999,16935790.0,2.76,0.87,0.22,2.81,0.7000000000000028
2018-11-22,603398,25.71,25.89,26.07,25.43,20358,23252349.0,2.51,1.37,0.35,3.82,0.6400000000000006
2018-11-23,603398,25.67,24.83,25.78,24.75,27649,30875442.0,3.98,-4.09,-1.06,5.19,1.0300000000000011
2018-11-26,603398,24.42,24.26,24.92,23.51,19776,21211717.0,5.68,-2.3,-0.57,3.71,1.4100000000000001
2018-11-27,603398,24.22,24.09,24.48,23.98,9077,9729814.0,2.06,-0.7,-0.17,1.7,0.5
2018-11-28,603398,23.95,24.24,24.26,23.6,10677,11364589.0,2.74,0.62,0.15,2.0,0.6600000000000001
2018-11-29,603398,24.35,23.43,24.66,23.43,11166,11909748.0,5.07,-3.34,-0.81,2.09,1.2300000000000004
2018-11-30,603398,23.58,25.71,25.71,23.4,42032,46244611.0,9.86,9.73,2.28,7.89,2.3100000000000023
2018-12-03,603398,26.99,26.31,26.99,26.11,77156,90878638.0,3.42,2.33,0.6,14.48,0.879999999999999
2018-12-04,603398,25.78,26.22,26.24,25.65,42442,48833872.0,2.24,-0.34,-0.09,7.96,0.5899999999999999
2018-12-05,603398,25.63,25.78,26.02,25.3,25617,29269226.0,2.75,-1.68,-0.44,4.81,0.7199999999999989
2018-12-06,603398,25.67,24.59,25.67,24.48,31745,35116434.0,4.62,-4.62,-1.19,5.96,1.1900000000000013
2018-12-07,603398,24.66,24.24,24.83,24.06,17432,18748525.0,3.13,-1.42,-0.35,3.27,0.7699999999999996
2018-12-10,603398,24.35,23.89,24.44,23.56,12269,12969774.0,3.63,-1.44,-0.35,0.58,0.8800000000000026
2018-12-11,603398,23.84,26.22,26.22,23.8,42726,49053028.0,10.13,9.75,2.33,2.02,2.419999999999998
2018-12-12,603398,26.22,27.12,27.72,25.69,110872,132590320.0,7.74,3.43,0.9,5.24,2.0299999999999976
2018-12-13,603398,26.64,27.43,28.11,26.0,81879,97905495.0,7.78,1.14,0.31,3.87,2.1099999999999994
2018-12-14,603398,27.01,26.31,27.12,25.85,49169,57836116.0,4.63,-4.08,-1.12,2.32,1.2699999999999996
2018-12-17,603398,26.29,26.84,27.36,25.69,47733,56083712.0,6.35,2.01,0.53,2.25,1.6699999999999982
2018-12-18,603398,26.46,26.66,26.99,25.89,33323,39177529.0,4.1,-0.67,-0.18,1.57,1.0999999999999979
2018-12-19,603398,26.75,28.13,28.13,26.2,88572,108116441.0,7.24,5.51,1.47,4.18,1.9299999999999997
2018-12-20,603398,27.65,27.47,28.0,27.12,56099,68549383.0,3.13,-2.35,-0.66,2.65,0.879999999999999
2018-12-21,603398,27.78,27.41,28.16,26.73,47217,57583138.0,5.21,-0.22,-0.06,2.23,1.4299999999999997
2018-12-24,603398,27.06,26.75,27.32,26.02,35535,41886220.0,4.74,-2.41,-0.66,1.68,1.3000000000000007
2018-12-25,603398,26.33,25.67,26.53,24.35,38554,43638549.0,8.15,-4.04,-1.08,1.82,2.1799999999999997
2018-12-26,603398,25.47,25.65,26.0,25.3,25263,28719456.0,2.73,-0.08,-0.02,1.19,0.6999999999999993
2018-12-27,603398,26.33,24.46,26.33,24.39,28724,32242616.0,7.56,-4.64,-1.19,1.36,1.9399999999999977
2018-12-28,603398,24.55,24.86,25.19,24.53,20710,22868990.0,2.7,1.64,0.4,0.98,0.6600000000000001
2019-01-02,603398,24.9,25.08,25.23,24.57,18003,19901804.0,2.65,0.88,0.22,0.85,0.6600000000000001
2019-01-03,603398,24.79,25.1,25.71,24.39,25561,28379202.0,5.26,0.08,0.02,1.21,1.3200000000000003
2019-01-04,603398,24.79,25.82,25.89,24.55,28291,31972284.0,5.34,2.87,0.72,1.34,1.3399999999999999
2019-01-07,603398,25.89,26.44,26.73,25.56,32917,38538828.0,4.53,2.4,0.62,1.55,1.1700000000000017
2019-01-08,603398,26.13,26.44,26.64,25.78,25280,29443071.0,3.25,0.0,0.0,1.19,0.8599999999999994
2019-01-09,603398,26.33,26.99,27.54,26.0,51824,61754730.0,5.82,2.08,0.55,2.45,1.5399999999999991
2019-01-10,603398,26.66,26.15,26.9,26.11,31292,36898736.0,2.93,-3.11,-0.84,1.48,0.7899999999999991
2019-01-11,603398,26.55,26.7,26.95,25.98,29814,35008642.0,3.71,2.1,0.55,1.41,0.9699999999999989
2019-01-14,603398,26.35,26.35,26.62,26.13,15606,18246608.0,1.84,-1.31,-0.35,0.74,0.490000000000002
2019-01-15,603398,26.35,26.55,26.73,26.13,21011,24765412.0,2.28,0.76,0.2,0.99,0.6000000000000014
2019-01-16,603398,26.55,26.11,26.7,26.04,21876,25510092.0,2.49,-1.66,-0.44,1.03,0.6600000000000001
2019-01-17,603398,26.0,26.59,27.03,25.67,34576,40829982.0,5.21,1.84,0.48,1.63,1.3599999999999994
2019-01-18,603398,26.44,28.22,29.19,25.91,113971,142884475.0,12.34,6.13,1.63,5.38,3.280000000000001
2019-01-21,603398,27.98,27.65,28.2,27.21,77393,95348781.0,3.51,-2.02,-0.57,3.66,0.9899999999999984
2019-01-22,603398,27.54,26.62,27.56,26.55,46039,55146817.0,3.65,-3.73,-1.03,2.17,1.009999999999998
2019-01-23,603398,26.51,26.86,27.1,26.42,24516,29172092.0,2.55,0.9,0.24,1.16,0.6799999999999997
2019-01-24,603398,26.86,25.82,26.92,25.82,48775,56795429.0,4.1,-3.87,-1.04,2.3,1.1000000000000014
2019-01-25,603398,25.98,25.71,26.02,25.3,30733,35079487.0,2.79,-0.43,-0.11,1.45,0.7199999999999989
2019-01-28,603398,25.71,25.93,26.11,25.47,17428,20035803.0,2.49,0.86,0.22,0.82,0.6400000000000006
2019-01-29,603398,25.78,25.03,26.09,24.9,23832,26844002.0,4.59,-3.47,-0.9,1.13,1.1900000000000013
2019-01-30,603398,24.94,25.1,25.32,24.86,13079,14574647.0,1.84,0.28,0.07,0.62,0.46000000000000085
2019-01-31,603398,24.9,24.17,25.41,23.78,19778,21586001.0,6.49,-3.71,-0.93,0.93,1.629999999999999
2019-02-01,603398,24.44,25.03,25.1,23.95,15891,17300896.0,4.76,3.56,0.86,0.75,1.1500000000000021
2019-02-11,603398,25.03,25.34,25.34,24.57,19778,22102879.0,3.08,1.24,0.31,0.93,0.7699999999999996
2019-02-12,603398,25.27,26.0,26.73,25.25,42262,48772925.0,5.84,2.6,0.66,2.0,1.4800000000000004
2019-02-13,603398,25.65,25.98,26.11,25.49,31603,36226117.0,2.38,-0.08,-0.02,1.49,0.620000000000001
2019-02-14,603398,25.93,25.89,26.04,25.69,21306,24463505.0,1.35,-0.35,-0.09,1.01,0.34999999999999787
2019-02-15,603398,25.89,25.78,26.18,25.76,21701,25025698.0,1.62,-0.42,-0.11,1.03,0.41999999999999815
2019-02-18,603398,26.09,26.7,26.75,25.91,40138,47251705.0,3.26,3.57,0.92,1.9,0.8399999999999999
2019-02-19,603398,26.7,26.88,27.56,26.44,44209,52732284.0,4.19,0.67,0.18,2.09,1.1199999999999974
2019-02-20,603398,26.9,27.98,28.24,26.59,84828,104332363.0,6.14,4.09,1.1,4.01,1.6499999999999986
2019-02-21,603398,27.94,27.67,28.71,27.43,85036,105790965.0,4.57,-1.11,-0.31,4.02,1.2800000000000011
2019-02-22,603398,27.47,28.09,28.27,27.45,49677,61726259.0,2.96,1.52,0.42,2.35,0.8200000000000003
2019-02-25,603398,28.02,29.3,29.83,27.91,92295,118158145.0,6.84,4.31,1.21,4.36,1.9199999999999982
2019-02-26,603398,29.32,29.63,30.64,28.57,94189,124640785.0,7.06,1.13,0.33,4.45,2.0700000000000003
2019-02-27,603398,29.12,29.41,30.51,28.9,65189,85773488.0,5.43,-0.74,-0.22,3.08,1.610000000000003
2019-02-28,603398,29.83,29.76,29.85,29.08,47107,61878832.0,2.62,1.19,0.35,2.23,0.7700000000000031
2019-03-01,603398,30.18,30.14,30.47,28.99,76914,102259577.0,4.97,1.28,0.38,3.63,1.4800000000000004
2019-03-04,603398,30.14,30.14,30.73,29.72,81166,109180614.0,3.35,0.0,0.0,3.83,1.0100000000000016
2019-03-05,603398,29.81,30.2,30.29,29.39,59188,78638638.0,2.99,0.2,0.06,2.8,0.8999999999999986
2019-03-06,603398,29.96,30.44,30.71,29.85,68005,91588009.0,2.85,0.79,0.24,3.21,0.8599999999999994
2019-03-07,603398,30.27,30.71,31.28,29.94,79935,108410735.0,4.4,0.89,0.27,3.78,1.3399999999999999
2019-03-08,603398,29.92,28.16,30.03,28.13,72123,93801442.0,6.19,-8.3,-2.55,3.41,1.9000000000000021
2019-03-11,603398,28.29,29.08,29.17,28.24,41515,53109559.0,3.3,3.27,0.92,1.96,0.9300000000000033
2019-03-12,603398,29.59,29.45,29.94,28.99,52695,69246616.0,3.27,1.27,0.37,2.49,0.9500000000000028
2019-03-13,603398,29.72,28.57,30.07,28.27,43527,56717739.0,6.11,-2.99,-0.88,2.06,1.8000000000000007
2019-03-14,603398,28.33,28.22,29.1,27.67,32594,41110338.0,5.01,-1.23,-0.35,1.54,1.4299999999999997
2019-03-15,603398,28.05,28.44,28.71,28.05,26870,33966355.0,2.34,0.78,0.22,1.27,0.6600000000000001
2019-03-18,603398,28.4,29.48,29.59,28.38,47844,62202317.0,4.25,3.66,1.04,2.26,1.2100000000000009
2019-03-19,603398,29.41,29.54,30.07,29.32,36440,48115566.0,2.54,0.2,0.06,1.72,0.75
2019-03-20,603398,29.5,30.0,30.27,29.19,40608,54093771.0,3.66,1.56,0.46,1.92,1.0799999999999983
2019-03-21,603398,29.65,29.98,30.33,29.65,41759,55897256.0,2.27,-0.07,-0.02,1.97,0.6799999999999997
2019-03-22,603398,29.98,30.11,30.2,29.26,27640,36652620.0,3.14,0.43,0.13,1.31,0.9399999999999977
2019-03-25,603398,29.37,29.81,30.44,29.21,26626,35425415.0,4.09,-1.0,-0.3,1.26,1.2300000000000004
2019-03-26,603398,30.0,31.96,31.96,29.52,93642,129711744.0,8.19,7.21,2.15,4.42,2.4400000000000013
2019-03-27,603398,31.48,33.17,34.14,30.62,116048,166189716.0,11.01,3.79,1.21,5.48,3.5199999999999996
2019-03-28,603398,32.38,31.59,32.89,31.39,69035,99339231.0,4.52,-4.76,-1.58,3.26,1.5
2019-03-29,603398,31.61,33.59,34.12,30.73,78993,114647077.0,10.73,6.33,2.0,3.73,3.389999999999997
2019-04-01,603398,33.61,33.96,35.15,33.04,82766,125716360.0,6.28,1.1,0.37,3.91,2.1099999999999994
2019-04-02,603398,33.55,33.11,34.25,33.04,53466,79786564.0,3.56,-2.5,-0.85,2.53,1.2100000000000009
2019-04-03,603398,32.82,32.82,33.63,32.23,43502,64271239.0,4.23,-0.88,-0.29,2.05,1.4000000000000057
2019-04-04,603398,32.93,33.22,33.26,32.56,34513,50632644.0,2.13,1.22,0.4,1.63,0.6999999999999957
2019-04-08,603398,33.15,32.16,33.57,31.96,29623,43063320.0,4.85,-3.19,-1.06,1.4,1.6099999999999994
2019-04-09,603398,32.16,32.34,32.49,31.72,19566,27992750.0,2.39,0.56,0.18,0.92,0.7700000000000031
2019-04-10,603398,32.29,31.76,32.29,31.68,19554,27813079.0,1.89,-1.79,-0.58,0.92,0.6099999999999994
2019-04-11,603398,31.98,32.23,32.25,31.68,21332,30425454.0,1.79,1.48,0.47,1.01,0.5700000000000003
2019-04-12,603398,32.47,33.0,33.04,32.14,33975,49483546.0,2.79,2.39,0.77,1.6,0.8999999999999986
2019-04-15,603398,33.3,32.18,33.48,32.01,23980,35209317.0,4.45,-2.48,-0.82,1.13,1.4699999999999989
2019-04-16,603398,32.09,33.35,33.57,32.09,33349,49182832.0,4.6,3.64,1.17,1.58,1.4799999999999969
2019-04-17,603398,33.04,33.77,34.23,33.04,37840,56917446.0,3.57,1.26,0.42,1.79,1.1899999999999977
2019-04-18,603398,34.01,32.91,34.01,32.86,25898,38355312.0,3.41,-2.55,-0.86,1.22,1.1499999999999986
2019-04-19,603398,32.95,32.34,32.97,31.7,22452,32397699.0,3.86,-1.73,-0.57,1.06,1.2699999999999996
2019-04-22,603398,32.71,32.09,32.71,31.76,16150,23166745.0,2.94,-0.77,-0.25,0.76,0.9499999999999993
2019-04-23,603398,32.25,32.78,33.33,31.85,27479,40215593.0,4.61,2.15,0.69,1.3,1.4799999999999969
2019-04-24,603398,33.33,32.45,33.41,32.05,13986,20210463.0,4.15,-1.01,-0.33,0.66,1.3599999999999994
2019-04-25,603398,32.8,31.19,32.8,31.17,30803,43801446.0,5.02,-3.88,-1.26,1.46,1.6299999999999955
2019-04-26,603398,30.73,31.39,31.65,30.2,25260,34601105.0,4.65,0.64,0.2,1.19,1.4499999999999993
2019-04-29,603398,31.39,30.62,31.65,30.2,13452,18537195.0,4.62,-2.45,-0.77,0.64,1.4499999999999993
2019-04-30,603398,30.64,33.63,33.63,30.64,60369,89506117.0,9.76,9.83,3.01,2.85,2.990000000000002
2019-05-06,603398,32.49,32.93,35.13,32.23,75409,113199750.0,8.62,-2.08,-0.7,3.56,2.9000000000000057
2019-05-07,603398,33.44,36.14,36.16,33.44,108883,172262481.0,8.26,9.75,3.21,5.14,2.719999999999999
2019-05-08,603398,34.36,33.85,35.57,33.46,74540,115047824.0,5.84,-6.34,-2.29,3.52,2.1099999999999994
2019-05-09,603398,33.0,31.76,33.44,31.06,58654,84104249.0,7.03,-6.17,-2.09,2.77,2.379999999999999
2019-05-10,603398,32.75,34.89,34.89,32.05,91126,138664557.0,8.94,9.86,3.13,4.3,2.8400000000000034
2019-05-13,603398,35.28,36.54,37.55,34.71,115576,186361473.0,8.14,4.73,1.65,5.46,2.8399999999999963
2019-05-14,603398,34.98,36.14,37.55,34.69,85440,137475876.0,7.83,-1.09,-0.4,4.04,2.8599999999999994
2019-05-15,603398,36.12,37.97,38.36,35.61,109820,182688956.0,7.61,5.06,1.83,5.19,2.75
2019-05-16,603398,37.62,37.22,38.83,36.89,81704,137545903.0,5.11,-1.98,-0.75,3.86,1.9399999999999977
2019-05-17,603398,37.0,35.99,37.15,35.64,66028,107047813.0,4.06,-3.3,-1.23,3.12,1.509999999999998
2019-05-20,603398,35.79,35.59,36.21,34.25,38555,60588681.0,5.45,-1.11,-0.4,1.82,1.9600000000000009
2019-05-21,603398,35.26,38.01,38.98,35.13,79181,132298991.0,10.82,6.8,2.42,3.74,3.8499999999999943
2019-05-22,603398,37.68,36.63,38.3,35.57,50694,83727778.0,7.18,-3.63,-1.38,2.39,2.729999999999997
2019-05-23,603398,36.52,35.5,36.63,34.69,38494,60661794.0,5.3,-3.08,-1.13,1.82,1.9400000000000048
2019-05-24,603398,33.92,35.75,36.34,33.92,29943,47207110.0,6.82,0.7,0.25,1.41,2.4200000000000017
2019-05-27,603398,36.01,36.76,36.89,34.95,41642,67274309.0,5.43,2.83,1.01,1.97,1.9399999999999977
2019-05-28,603398,36.63,35.68,37.04,35.31,38877,62828831.0,4.71,-2.94,-1.08,1.84,1.7299999999999969
2019-05-29,603398,35.35,36.36,36.56,34.73,32787,52654615.0,5.13,1.91,0.68,1.55,1.8300000000000054
2019-05-30,603398,35.68,37.29,37.81,35.68,57078,94640639.0,5.86,2.56,0.93,2.7,2.1300000000000026
2019-05-31,603398,37.11,37.55,37.88,36.45,53033,88255870.0,3.83,0.7,0.26,2.51,1.4299999999999997
2019-06-03,603398,37.15,36.32,37.73,36.21,28016,46138421.0,4.05,-3.28,-1.23,1.32,1.519999999999996
2019-06-04,603398,35.9,34.71,36.1,34.47,26083,40993857.0,4.49,-4.43,-1.61,1.23,1.6300000000000026
2019-06-05,603398,35.13,34.87,35.53,34.47,18261,28581178.0,3.05,0.46,0.16,0.86,1.0600000000000023
2019-06-06,603398,34.84,33.88,35.04,33.59,18775,28617229.0,4.16,-2.84,-0.99,0.89,1.4499999999999957
2019-06-10,603398,33.81,34.67,34.8,33.59,13727,21068451.0,3.57,2.33,0.79,0.65,1.2099999999999937
2019-06-11,603398,34.62,35.48,35.53,34.29,22623,35542973.0,3.58,2.34,0.81,1.07,1.240000000000002
2019-06-12,603398,35.46,35.04,36.01,34.95,17196,27093596.0,2.99,-1.24,-0.44,0.81,1.0599999999999952
2019-06-13,603398,34.78,35.22,35.33,34.4,12690,19830228.0,2.65,0.51,0.18,0.6,0.9299999999999997
2019-06-14,603398,35.22,34.03,35.42,33.77,19555,30001160.0,4.68,-3.38,-1.19,0.92,1.6499999999999986
2019-06-17,603398,34.01,33.48,34.4,31.96,26453,38979129.0,7.17,-1.62,-0.55,1.25,2.4399999999999977
2019-06-18,603398,33.48,32.64,33.7,32.29,14477,21091410.0,4.21,-2.51,-0.84,0.68,1.4100000000000037
2019-06-19,603398,33.5,32.86,33.5,32.8,12146,17906109.0,2.14,0.67,0.22,0.57,0.7000000000000028
2019-06-20,603398,32.93,33.04,33.26,32.36,12345,18163517.0,2.74,0.55,0.18,0.58,0.8999999999999986
2019-06-21,603398,33.39,34.49,34.82,33.15,26815,40880420.0,5.05,4.39,1.45,1.27,1.6700000000000017
2019-06-24,603398,34.51,34.71,34.71,33.83,15564,23873068.0,2.55,0.64,0.22,0.74,0.8800000000000026
2019-06-25,603398,34.47,34.21,34.78,33.66,10518,16049373.0,3.23,-1.44,-0.5,0.5,1.1200000000000045
2019-06-26,603398,34.27,34.1,34.73,33.72,10364,15883469.0,2.95,-0.32,-0.11,0.49,1.009999999999998
2019-06-27,603398,34.12,33.94,34.76,33.81,14965,22902779.0,2.79,-0.47,-0.16,0.71,0.9499999999999957
2019-06-28,603398,35.13,34.8,35.61,34.36,25226,39277418.0,3.68,2.53,0.86,1.19,1.25
2019-07-01,603398,36.08,36.45,37.77,36.08,68430,112897218.0,4.86,4.74,1.65,3.23,1.6900000000000048
2019-07-02,603398,36.45,36.03,36.89,35.88,30149,48963308.0,2.77,-1.15,-0.42,1.42,1.009999999999998
2019-07-03,603398,36.12,35.7,36.41,35.24,18593,29545749.0,3.25,-0.92,-0.33,0.88,1.1699999999999946
2019-07-04,603398,35.94,35.24,36.14,34.49,22993,36050844.0,4.62,-1.29,-0.46,1.09,1.6499999999999986
2019-07-05,603398,35.28,35.13,35.57,34.82,14677,23037696.0,2.13,-0.31,-0.11,0.69,0.75
2019-07-08,603398,35.13,33.99,35.13,33.24,20683,31536688.0,5.38,-3.25,-1.14,0.98,1.8900000000000006
2019-07-09,603398,34.65,34.25,34.65,33.81,11656,17799738.0,2.47,0.76,0.26,0.55,0.8399999999999963
2019-07-10,603398,34.27,33.85,34.58,33.74,13169,20101096.0,2.45,-1.17,-0.4,0.62,0.8399999999999963
2019-07-11,603398,33.92,34.07,34.4,33.83,8397,12753597.0,1.68,0.65,0.22,0.4,0.5700000000000003
2019-07-12,603398,34.18,34.25,34.25,33.28,17894,26966347.0,2.85,0.53,0.18,0.85,0.9699999999999989
2019-07-15,603398,34.26,34.47,34.87,31.98,21230,23097268.0,8.44,0.64,0.22,0.72,2.889999999999997
2019-07-16,603398,33.85,32.81,34.44,32.38,42883,45064937.0,5.98,-4.82,-1.66,1.45,2.059999999999995
2019-07-17,603398,32.75,32.04,32.75,31.85,23853,24383880.0,2.74,-2.35,-0.77,0.8,0.8999999999999986
2019-07-18,603398,32.01,31.51,32.01,31.33,16886,16969289.0,2.12,-1.65,-0.53,0.57,0.6799999999999997
2019-07-19,603398,31.36,31.51,31.64,30.62,18851,18813609.0,3.24,0.0,0.0,0.64,1.0199999999999996
2019-07-22,603398,31.24,31.39,31.54,29.6,27657,26750046.0,6.16,-0.38,-0.12,0.93,1.9399999999999977
2019-07-23,603398,31.08,32.01,32.16,30.77,17732,17820011.0,4.43,1.98,0.62,0.6,1.389999999999997
2019-07-24,603398,32.01,32.13,32.56,31.54,15078,15442541.0,3.19,0.37,0.12,0.51,1.0200000000000031
2019-07-25,603398,32.13,31.82,32.25,31.58,10017,10159755.0,2.09,-0.96,-0.31,0.34,0.6700000000000017
2019-07-26,603398,31.39,31.42,31.88,31.27,10647,10675476.0,1.92,-1.26,-0.4,0.36,0.6099999999999994
2019-07-29,603398,31.42,31.18,31.58,31.08,8315,8272961.0,1.59,-0.76,-0.24,0.28,0.5
2019-07-30,603398,31.24,31.54,32.16,30.93,18454,18630907.0,3.94,1.15,0.36,0.62,1.2299999999999969
2019-07-31,603398,31.54,31.51,31.88,31.3,11791,11859112.0,1.84,-0.1,-0.03,0.4,0.5799999999999983
2019-08-01,603398,31.51,31.67,31.98,31.18,11626,11731938.0,2.54,0.51,0.16,0.39,0.8000000000000007
2019-08-02,603398,30.96,31.14,31.3,29.23,19324,18698063.0,6.54,-1.67,-0.53,0.65,2.0700000000000003
2019-08-05,603398,30.96,30.44,31.39,30.13,15628,15315903.0,4.05,-2.25,-0.7,0.53,1.2600000000000016
2019-08-06,603398,29.73,29.7,29.85,27.73,23575,21675026.0,6.96,-2.43,-0.74,0.8,2.120000000000001
2019-08-07,603398,29.48,29.17,29.85,28.5,12864,11855317.0,4.55,-1.78,-0.53,0.43,1.3500000000000014
2019-08-08,603398,29.54,29.36,29.6,28.56,24979,23279290.0,3.57,0.65,0.19,0.84,1.0400000000000027
2019-08-09,603398,29.2,28.68,29.54,28.68,9182,8496384.0,2.93,-2.32,-0.68,0.31,0.8599999999999994
2019-08-12,603398,28.68,28.74,29.17,28.34,10832,9859580.0,2.89,0.21,0.06,0.37,0.8300000000000018
2019-08-13,603398,28.31,28.68,28.87,28.28,7370,6708986.0,2.05,-0.21,-0.06,0.25,0.5899999999999999
2019-08-14,603398,31.36,29.82,31.48,29.76,47017,45836856.0,6.0,3.97,1.14,1.59,1.7199999999999989
2019-08-15,603398,28.0,28.83,29.02,27.94,33640,30416438.0,3.62,-3.32,-0.99,1.14,1.0799999999999983
2019-08-16,603398,28.4,28.56,28.9,28.37,17100,15588676.0,1.84,-0.94,-0.27,0.58,0.5299999999999976
2019-08-19,603398,28.87,29.17,29.23,28.65,17332,16016060.0,2.03,2.14,0.61,0.58,0.5800000000000018
2019-08-20,603398,29.23,28.8,29.64,28.77,29003,26894568.0,2.98,-1.27,-0.37,0.98,0.870000000000001
2019-08-21,603398,28.8,28.96,29.42,28.8,14960,13866530.0,2.15,0.56,0.16,0.5,0.620000000000001
2019-08-22,603398,28.8,29.14,29.23,28.77,13685,12667203.0,1.59,0.62,0.18,0.46,0.46000000000000085
2019-08-23,603398,29.36,29.17,29.48,28.83,11714,10869044.0,2.23,0.1,0.03,0.4,0.6500000000000021
2019-08-26,603398,28.93,28.56,28.93,28.4,11041,10036150.0,1.82,-2.09,-0.61,0.37,0.5300000000000011
2019-08-27,603398,28.9,29.27,29.45,28.77,17493,16245098.0,2.38,2.49,0.71,0.59,0.6799999999999997
2019-08-28,603398,29.48,29.33,29.67,29.05,18764,17501564.0,2.12,0.2,0.06,0.63,0.620000000000001
2019-08-29,603398,29.33,29.2,29.51,28.99,14913,13871848.0,1.77,-0.44,-0.13,0.5,0.5200000000000031
2019-08-30,603398,29.23,28.5,29.36,28.06,19340,17676168.0,4.45,-2.4,-0.7,0.65,1.3000000000000007
2019-09-02,603398,28.34,28.96,29.14,28.34,13131,12053042.0,2.81,1.61,0.46,0.44,0.8000000000000007
2019-09-03,603398,29.42,29.17,29.79,29.08,18456,17244160.0,2.45,0.73,0.21,0.62,0.7100000000000009
2019-09-04,603398,29.39,29.2,29.39,28.87,17894,16588958.0,1.78,0.1,0.03,0.6,0.5199999999999996
2019-09-05,603398,29.27,29.54,30.04,29.27,27169,25619500.0,2.64,1.16,0.34,0.92,0.7699999999999996
2019-09-06,603398,29.6,29.57,29.82,29.33,18917,17789178.0,1.66,0.1,0.03,0.64,0.490000000000002
2019-09-09,603398,29.79,29.82,29.85,29.33,23570,22237822.0,1.76,0.85,0.25,0.8,0.5200000000000031
2019-09-10,603398,29.85,30.59,30.68,29.42,45140,43364799.0,4.23,2.58,0.77,1.52,1.259999999999998
2019-09-11,603398,30.44,30.25,30.74,30.19,26001,25132652.0,1.8,-1.11,-0.34,0.88,0.5499999999999972
2019-09-12,603398,30.1,30.28,30.37,29.79,19016,18211500.0,1.92,0.1,0.03,0.64,0.5800000000000018
2019-09-16,603398,30.28,30.34,30.62,30.07,20473,19805071.0,1.82,0.2,0.06,0.69,0.5500000000000007
2019-09-17,603398,30.16,29.48,30.31,29.33,18267,17269874.0,3.23,-2.83,-0.86,0.62,0.9800000000000004
2019-09-18,603398,29.48,29.67,29.94,29.27,18101,17109569.0,2.27,0.64,0.19,0.61,0.6700000000000017
2019-09-19,603398,29.67,30.16,30.22,29.67,18261,17399157.0,1.85,1.65,0.49,0.62,0.5499999999999972
2019-09-20,603398,30.16,29.94,30.41,29.76,18389,17628813.0,2.16,-0.73,-0.22,0.62,0.6499999999999986
2019-09-23,603398,29.94,29.6,30.22,29.3,14450,13598032.0,3.07,-1.14,-0.34,0.49,0.9199999999999982
2019-09-24,603398,29.6,29.17,29.88,29.08,20823,19429443.0,2.7,-1.45,-0.43,0.7,0.8000000000000007
2019-09-25,603398,29.08,28.25,29.08,28.03,23671,21352530.0,3.6,-3.15,-0.92,0.8,1.0499999999999972
2019-09-26,603398,28.25,27.54,28.65,27.39,22131,19583227.0,4.46,-2.51,-0.71,0.75,1.259999999999998
2019-09-27,603398,27.51,27.66,27.76,26.99,15446,13489232.0,2.8,0.44,0.12,0.52,0.7700000000000031
2019-09-30,603398,27.73,27.14,27.94,27.11,12874,11171317.0,3.0,-1.88,-0.52,0.43,0.8300000000000018
2019-10-08,603398,26.89,26.99,27.85,26.8,15179,13139103.0,3.87,-0.55,-0.15,0.51,1.0500000000000007
2019-10-09,603398,26.68,27.02,27.14,26.65,14117,12046952.0,1.82,0.11,0.03,0.48,0.490000000000002
2019-10-10,603398,27.11,27.76,27.88,26.83,16582,14473539.0,3.89,2.74,0.74,0.56,1.0500000000000007
2019-10-11,603398,27.69,28.19,28.31,27.69,24005,21408531.0,2.23,1.55,0.43,0.81,0.6199999999999974
2019-10-14,603398,28.43,28.9,29.14,28.22,26924,24683405.0,3.26,2.52,0.71,0.91,0.9200000000000017
2019-10-15,603398,28.68,28.62,29.02,28.19,22806,20688748.0,2.87,-0.97,-0.28,0.77,0.8299999999999983
2019-10-16,603398,28.65,28.62,29.14,28.53,21749,19889811.0,2.13,0.0,0.0,0.73,0.6099999999999994
2019-10-17,603398,28.34,31.42,31.42,28.34,68342,66559276.0,10.76,9.78,2.8,2.31,3.080000000000002
2019-10-18,603398,31.42,34.5,34.5,31.02,127845,137267014.0,11.08,9.8,3.08,4.31,3.4800000000000004
2019-10-21,603398,35.09,31.79,35.09,31.11,181698,186519240.0,11.54,-7.86,-2.71,6.13,3.980000000000004
2019-10-22,603398,30.34,34.9,34.9,30.31,178414,186884005.0,14.44,9.78,3.11,6.02,4.59
2019-10-23,603398,35.09,34.32,36.93,33.85,205650,231578611.0,8.83,-1.66,-0.58,6.94,3.0799999999999983
2019-10-24,603398,33.89,32.96,33.98,31.64,132428,139079069.0,6.82,-3.96,-1.36,4.47,2.3399999999999963
2019-10-25,603398,32.59,34.47,35.55,32.38,163858,179071093.0,9.62,4.58,1.51,5.53,3.1699999999999946
2019-10-28,603398,33.21,36.84,37.86,33.02,268473,310709856.0,14.04,6.88,2.37,9.06,4.839999999999996
2019-10-29,603398,36.13,38.11,39.92,35.36,219586,264394200.0,12.38,3.45,1.27,7.41,4.560000000000002
2019-10-30,603398,36.63,37.64,39.24,36.6,160337,194060938.0,6.93,-1.23,-0.47,5.41,2.6400000000000006
2019-10-31,603398,37.4,33.95,37.61,33.95,182269,205420498.0,9.72,-9.8,-3.69,6.15,3.6599999999999966
2019-11-01,603398,32.78,33.42,34.38,32.31,112764,120028269.0,6.1,-1.56,-0.53,3.8,2.0700000000000003
2019-11-04,603398,33.55,34.01,34.75,33.02,109808,118810495.0,5.18,1.77,0.59,3.7,1.7299999999999969
2019-11-05,603398,34.32,34.44,34.47,33.27,88705,95677139.0,3.53,1.26,0.43,2.99,1.1999999999999957
2019-11-06,603398,34.26,33.08,34.26,32.99,94559,100807881.0,3.69,-3.95,-1.36,3.19,1.269999999999996
2019-11-07,603398,33.08,33.15,33.61,32.84,49703,52612334.0,2.33,0.21,0.07,1.68,0.769999999999996
2019-11-08,603398,33.49,32.1,33.49,32.04,62362,64692025.0,4.37,-3.17,-1.05,2.1,1.4500000000000028
2019-11-11,603398,32.16,31.02,32.53,30.87,62551,62462078.0,5.17,-3.36,-1.08,2.11,1.6600000000000001
2019-11-12,603398,30.96,31.27,31.82,30.28,54445,53697221.0,4.96,0.81,0.25,1.84,1.5399999999999991
2019-11-13,603398,31.08,32.62,33.18,30.81,82107,84512536.0,7.58,4.32,1.35,2.77,2.370000000000001
2019-11-14,603398,32.59,32.04,32.59,31.64,53141,54119047.0,2.91,-1.78,-0.58,1.79,0.9500000000000028
2019-11-15,603398,31.7,32.93,33.76,30.96,95260,98461242.0,8.74,2.78,0.89,3.21,2.799999999999997
2019-11-18,603398,32.38,33.08,33.49,32.35,57761,60673194.0,3.46,0.46,0.15,1.95,1.1400000000000006
2019-11-19,603398,32.93,33.42,34.01,32.44,63616,67241793.0,4.75,1.03,0.34,2.15,1.5700000000000003
2019-11-20,603398,32.84,32.13,33.24,32.04,49702,51719873.0,3.59,-3.86,-1.29,1.68,1.2000000000000028
2019-11-21,603398,31.85,31.91,32.28,31.24,28800,29230729.0,3.24,-0.68,-0.22,0.97,1.0400000000000027
2019-11-22,603398,31.79,31.58,32.84,31.39,40390,41293360.0,4.54,-1.03,-0.33,1.36,1.4500000000000028
2019-11-25,603398,31.39,30.71,31.7,30.53,30630,30242694.0,3.7,-2.75,-0.87,1.03,1.1699999999999982
2019-11-26,603398,31.02,31.33,31.42,30.81,25560,25309330.0,1.99,2.02,0.62,0.86,0.610000000000003
2019-11-27,603398,31.05,31.11,31.54,30.96,22599,22504583.0,1.85,-0.7,-0.22,0.76,0.5799999999999983
2019-11-28,603398,30.25,30.44,31.02,30.25,32787,31953363.0,2.48,-2.15,-0.67,1.11,0.7699999999999996
2019-11-29,603398,30.53,30.53,30.74,30.0,22047,21350445.0,2.43,0.3,0.09,0.74,0.7399999999999984
2019-12-02,603398,30.59,30.47,30.99,30.37,18139,17700146.0,2.03,-0.2,-0.06,0.61,0.6199999999999974
2019-12-03,603398,30.34,30.96,31.02,30.31,24572,24015459.0,2.33,1.61,0.49,0.83,0.7100000000000009
2019-12-04,603398,30.9,31.85,32.68,30.59,42385,43021739.0,6.75,2.87,0.89,1.43,2.09
2019-12-05,603398,31.7,32.16,32.31,31.14,35178,35731020.0,3.67,0.97,0.31,1.19,1.1700000000000017
2019-12-06,603398,31.85,32.19,32.47,31.85,35249,36179503.0,1.93,0.09,0.03,1.19,0.6199999999999974
2019-12-09,603398,32.38,32.04,32.59,31.91,26640,27311647.0,2.11,-0.47,-0.15,0.9,0.6800000000000033
2019-12-10,603398,32.13,32.62,32.87,31.82,42097,43579225.0,3.28,1.81,0.58,1.42,1.0499999999999972
2019-12-11,603398,32.56,32.01,32.68,31.91,29827,30595776.0,2.36,-1.87,-0.61,1.01,0.7699999999999996
2019-12-12,603398,32.01,32.1,32.68,31.91,32107,33013156.0,2.41,0.28,0.09,1.08,0.7699999999999996
2019-12-13,603398,32.1,32.5,33.79,31.82,64135,66789737.0,6.14,1.25,0.4,2.16,1.9699999999999989
2019-12-16,603398,32.62,32.78,33.21,32.47,55550,58121151.0,2.28,0.86,0.28,1.87,0.740000000000002
2019-12-17,603398,32.78,33.39,33.58,32.53,68472,72245311.0,3.2,1.86,0.61,2.31,1.0499999999999972
2019-12-18,603398,33.33,33.85,34.32,32.78,84040,89815126.0,4.61,1.38,0.46,2.84,1.5399999999999991
2019-12-19,603398,33.55,33.85,34.19,33.39,66987,72316719.0,2.36,0.0,0.0,2.26,0.7999999999999972
2019-12-20,603398,33.82,32.93,34.93,32.93,77488,83943502.0,5.91,-2.72,-0.92,2.61,2.0
2019-12-23,603398,32.99,32.62,33.45,32.31,41998,44073744.0,3.46,-0.94,-0.31,1.42,1.1400000000000006
2019-12-24,603398,32.31,32.93,33.08,32.31,28994,30278229.0,2.36,0.95,0.31,0.98,0.769999999999996
2019-12-25,603398,32.68,33.24,33.24,32.41,39627,41453510.0,2.52,0.94,0.31,1.34,0.8300000000000054
2019-12-26,603398,33.02,33.15,33.45,32.72,32974,34741105.0,2.2,-0.27,-0.09,1.11,0.730000000000004
2019-12-27,603398,33.21,32.38,33.33,32.38,38369,40213853.0,2.87,-2.32,-0.77,1.29,0.9499999999999957
2019-12-30,603398,32.04,32.1,32.35,31.21,35858,36376125.0,3.52,-0.86,-0.28,1.21,1.1400000000000006
2019-12-31,603398,32.22,31.88,32.53,31.82,24122,24695393.0,2.21,-0.69,-0.22,0.81,0.7100000000000009
