date,actual,predicted,open,cummax,drawdown,signal,position,cash,total,returns
2021-12-09,1.553003244522055,1.5494124996886207,1.5499388173528283,1.553003244522055,0.0,1,0.0,1000000.0,1000000.0,
2021-12-10,1.54862549142316,1.554427116466179,1.553003244522055,1.553003244522055,0.002818895011544006,1,643913.6579574599,999000.0,1999000.0,0.9990000000000001
2021-12-13,1.553003244522055,1.5534758957000616,1.5573809976209496,1.553003244522055,0.0,1,643913.6579574599,1000000.0,2002818.8950115438,0.0019104027071255025
2021-12-14,1.528487827168243,1.56064295005741,1.545123288944044,1.553003244522055,0.01578581206464689,1,643913.6579574599,1000000.0,1994925.9889792209,-0.003940898526562653
2021-12-15,1.5341789061968063,1.5323132376302844,1.5298011530979116,1.553003244522055,0.012121248549639668,1,643913.6579574599,1000000.0,1985059.8564388165,-0.004945613318443343
2021-12-16,1.598969652060452,1.530667305068688,1.5464366148737123,1.598969652060452,0.0,1,643913.6579574599,1000000.0,1995771.6574826837,0.005396210602477192
2021-12-17,1.5630720766495132,1.5877762886136677,1.5950296742714467,1.598969652060452,0.02245044198598809,1,643913.6579574599,1000000.0,2027061.3921108232,0.01567801331922203
2021-12-20,1.551252143282497,1.570612565316616,1.558256548240729,1.598969652060452,0.02984266068869132,1,643913.6579574599,1000000.0,2003382.6740138528,-0.011681302889555378
2021-12-21,1.570514256917635,1.556150870108711,1.553003244522055,1.598969652060452,0.017796082062063567,1,643913.6579574599,1000000.0,2000000.0,-0.0016884812161600538
2021-12-22,1.566574279128629,1.5614740992415683,1.5683253803681871,1.598969652060452,0.020260154962964967,1,643913.6579574599,1000000.0,2009866.132540404,0.004933066270202069
2021-12-23,1.591089696482441,1.5607653596117577,1.5617587507198447,1.598969652060452,0.004928145801802244,1,643913.6579574599,1000000.0,2005637.790023088,-0.002103793107838259
2021-12-24,1.5818964149747616,1.5644927555913466,1.5880252693132144,1.598969652060452,0.010677649237238195,1,643913.6579574599,1000000.0,2022551.1600923524,0.008432913536730702
2021-12-27,1.5967807755110046,1.5771328363124524,1.586711943383546,1.598969652060452,0.0013689293893894196,1,643913.6579574599,1000000.0,2021705.4915888892,-0.00041811970947847055
2021-12-28,1.5740164593967505,1.5929430405945144,1.6090384841879102,1.598969652060452,0.015605795039040578,1,643913.6579574599,1000000.0,2036081.8561477638,0.007111008313864797
2021-12-29,1.5740164593967505,1.5830467374694948,1.576205335946198,1.598969652060452,0.015605795039040578,1,643913.6579574599,1000000.0,2014940.1435611835,-0.010383527814829652
2021-12-30,1.559132098860508,1.5784013533313126,1.566574279128629,1.598969652060452,0.024914514886889075,1,643913.6579574599,1000000.0,2008738.5745357864,-0.003077793176742505
2021-12-31,1.5845230668340986,1.5681359845649447,1.5617587507198447,1.598969652060452,0.009034933969970781,1,643913.6579574599,1000000.0,2005637.790023088,-0.00154364761647241
2022-01-04,1.593716348341778,1.5825622761909648,1.6055362817087944,1.598969652060452,0.0032854305345348294,1,643913.6579574599,1000000.0,2033826.7401385286,0.014054855894551244
2022-01-05,1.5792697631154244,1.6029457214632168,1.5862741680736565,1.598969652060452,0.012320364504505748,1,643913.6579574599,1000000.0,2021423.6020877347,-0.006098424121392498
2022-01-06,1.5713898075374135,1.5867059982537577,1.5792697631154244,1.598969652060452,0.01724851030630799,1,643913.6579574599,1000000.0,2016913.3700692642,-0.0022312156708828024
2022-01-07,1.5840852915242092,1.5659119048312455,1.572703133467082,1.598969652060452,0.009308719847848637,1,643913.6579574599,1000000.0,2012685.027551948,-0.002096442306379731
2022-01-10,1.595905224891225,1.586356137385602,1.5836475162143195,1.598969652060452,0.0019165011451455485,1,643913.6579574599,1000000.0,2019732.2650808082,0.0035014110168205548
2022-01-11,1.5924030224121095,1.5945253469075342,1.5880252693132144,1.598969652060452,0.0041067881681685365,1,643913.6579574599,1000000.0,2022551.1600923524,0.0013956775659229592
2022-01-12,1.5980941014406729,1.5849363201535918,1.5945918989615568,1.598969652060452,0.0005475717557558512,1,643913.6579574599,1000000.0,2026779.5026096683,0.0020905985473924638
2022-01-13,1.613854012596695,1.591499843638618,1.6011585286098993,1.613854012596695,0.0,1,643913.6579574599,1000000.0,2031007.8451269846,0.0020862370632186433
2022-01-14,1.5845230668340986,1.6086213164346463,1.6099140348076892,1.613854012596695,0.018174472742675626,1,643913.6579574599,1000000.0,2036645.6351500726,0.002775858319117086
2022-01-17,1.578831987805535,1.5913931318988797,1.5884630446231038,1.613854012596695,0.02170086297632918,1,643913.6579574599,1000000.0,2022833.0495935068,-0.006782026935946539
2022-01-18,1.6204206422450371,1.5807879221460217,1.578831987805535,1.6204206422450371,0.0,1,643913.6579574599,1000000.0,2016631.4805681098,-0.0030657839146158716
2022-01-19,1.6278628225131588,1.611679718315031,1.6208584175549268,1.6278628225131588,0.0,1,643913.6579574599,1000000.0,2043692.8726789327,0.013419106252967605
2022-01-20,1.64406050897907,1.6305902409824455,1.6217339681747058,1.64406050897907,0.0,1,643913.6579574599,1000000.0,2044256.6516812416,0.00027586288030145845
2022-01-21,1.6497515880076337,1.6390025996327957,1.649313812697744,1.6497515880076337,0.0,1,643913.6579574599,1000000.0,2062015.6902539693,0.008687284230246783
2022-01-24,1.654567116416418,1.642623450870674,1.6497515880076337,1.654567116416418,0.0,1,643913.6579574599,1000000.0,2062297.5797551237,0.00013670579835389773
2022-01-25,1.623047294104374,1.6511817657972858,1.646687160838407,1.654567116416418,0.01905019264513838,1,643913.6579574599,1000000.0,2060324.3532470427,-0.0009568097870313874
2022-01-26,1.612978461976916,1.6366482614374442,1.623047294104374,1.654567116416418,0.025135670851223986,1,643913.6579574599,1000000.0,2045102.3201847048,-0.007388173147760968
2022-01-27,1.6265494965834904,1.6214068524379306,1.613854012596695,1.654567116416418,0.016933504573456177,1,643913.6579574599,1000000.0,2039182.6406604624,-0.002894563986269305
2022-01-28,1.5853986174538774,1.6297726186385355,1.616918439765921,1.654567116416418,0.041804589415720225,1,643913.6579574599,1000000.0,2041155.867168543,0.0009676556031497086
2022-02-07,1.6278628225131588,1.604416139097638,1.6094762594977998,1.654567116416418,0.016139746546575413,1,643913.6579574599,1000000.0,2036363.7456489182,-0.0023477489380917538
2022-02-08,1.6913402424471355,1.6243228050006369,1.649313812697744,1.6913402424471355,0.0,1,643913.6579574599,1000000.0,2062015.6902539693,0.012596936406799264
2022-02-09,1.668575926332882,1.6670128448328176,1.6922157930669148,1.6913402424471355,0.013459335704870729,1,643913.6579574599,1000000.0,2089640.861367101,0.013397168238680646
2022-02-10,1.7193578622800634,1.6665061728165955,1.6523782398669704,1.7193578622800634,0.0,1,643913.6579574599,1000000.0,2063988.91676205,-0.012275767132668314
2022-02-11,1.7416844030844276,1.681877506281706,1.7088512548427155,1.7416844030844276,0.0,1,643913.6579574599,1000000.0,2100352.6624109684,0.017618188428048853
2022-02-14,1.7268000425481849,1.72351863150153,1.7394955265349803,1.7416844030844276,0.008545957298511356,1,643913.6579574599,1000000.0,2120084.9274917766,0.009394739004523922
2022-02-15,1.6974690967855883,1.7205119990097506,1.716293435110837,1.7416844030844276,0.02538652021028403,1,643913.6579574599,1000000.0,2105144.783930593,-0.007046955226863827
2022-02-16,1.7014090745745942,1.6960010304833983,1.6974690967855883,1.7416844030844276,0.023124355043030755,1,643913.6579574599,1000000.0,2093023.5353809537,-0.005757916815112063
2022-02-17,1.706662378293268,1.7017514405712642,1.6930913436866937,1.7416844030844276,0.020108134820026862,1,643913.6579574599,1000000.0,2090204.64036941,-0.0013468052145102494
2022-02-18,1.7276755931679637,1.7021687686426348,1.7053490523635997,1.7416844030844276,0.008043253928010769,1,643913.6579574599,1000000.0,2098097.5464017335,0.003776140326111177
2022-02-21,1.7548176623811127,1.7171443167819551,1.7359933240558645,1.7548176623811127,0.0,1,643913.6579574599,1000000.0,2117829.8114825417,0.009404836831657049
2022-02-22,1.763135393269013,1.7394559212827168,1.744748830253654,1.763135393269013,0.0,1,643913.6579574599,1000000.0,2123467.6015056297,0.00266205999770186
2022-02-23,1.715417884491058,1.7526637952982045,1.757882089550339,1.763135393269013,0.027064007086536057,1,643913.6579574599,1000000.0,2131924.286540262,0.003982488373562187
2022-02-24,1.7149801091811685,1.729114902409774,1.717168985730616,1.763135393269013,0.02731230072953176,1,643913.6579574599,1000000.0,2105708.562932902,-0.012296742324702126
2022-02-25,1.6742670053614452,1.7234712040616464,1.7044735017438206,1.763135393269013,0.050403609528135974,1,643913.6579574599,1000000.0,2097533.7673994247,-0.0038822065300865294
2022-02-28,1.7035979511240416,1.6897172286948692,1.6712025781922186,1.763135393269013,0.03376793544742111,1,643913.6579574599,1000000.0,2076110.1653116895,-0.010213710225173922
2022-03-01,1.7390577512250909,1.6900007913460044,1.7088512548427155,1.763135393269013,0.013656150364765817,1,643913.6579574599,1000000.0,2100352.6624109684,0.011676883772513857
2022-03-02,1.7500021339723282,1.7229521741913705,1.7500021339723282,1.763135393269013,0.007448809289872287,1,643913.6579574599,1000000.0,2126850.275519483,0.012615792377503876
2022-03-03,1.7793330797349245,1.731300906593144,1.752628785831665,1.7793330797349245,0.0,1,643913.6579574599,1000000.0,2128541.612526409,0.0007952308756256077
2022-03-04,1.7902774624821616,1.7564786982443394,1.771890899466803,1.7902774624821616,0.0,1,643913.6579574599,1000000.0,2140944.750577203,0.0058270592305087465
2022-03-07,1.7828352822140403,1.7734149702275823,1.8156684304557529,1.7902774624821616,0.004156998244173239,1,643913.6579574599,1000000.0,2169133.7006926434,0.013166593910394209
2022-03-08,1.73074002033719,1.790111099046908,1.767513146367908,1.7902774624821616,0.033255985953386656,1,643913.6579574599,1000000.0,2138125.855565659,-0.014295036362711677
2022-03-09,1.777144203185477,1.7522496401893617,1.742997729014096,1.7902774624821616,0.007335879254423385,1,643913.6579574599,1000000.0,2122340.043501012,-0.007383013503884928
2022-03-10,1.7618220673393443,1.764858659277304,1.754379887071223,1.7902774624821616,0.01589440505125098,1,643913.6579574599,1000000.0,2129669.170531027,0.003453323633250127
2022-03-11,1.776268652565698,1.7575281138507792,1.7661998204382394,1.7902774624821616,0.00782493787138487,1,643913.6579574599,1000000.0,2137280.1870621955,0.0035738022771258926
2022-03-14,1.7456243808734333,1.7563324079720222,1.7500021339723282,1.7902774624821616,0.024941989465039806,1,643913.6579574599,1000000.0,2126850.275519483,-0.004879992621392826
2022-03-15,1.6550048917263074,1.7583691159185753,1.736868874675643,1.7902774624821616,0.07555955632056227,1,643913.6579574599,1000000.0,2118393.59048485,-0.003976154378129482
2022-03-16,1.6843358374889037,1.7024715360669624,1.6733914547416664,1.7902774624821616,0.05917609265234968,1,643913.6579574599,1000000.0,2077519.6128174616,-0.019294798592188633
2022-03-17,1.6655114991636557,1.6752785792147948,1.6930913436866937,1.7902774624821616,0.06969085291702322,1,643913.6579574599,1000000.0,2090204.64036941,0.006105852129475453
2022-03-18,1.6944046696163622,1.6771766787983078,1.6558804423460862,1.7902774624821616,0.05355191855729162,1,643913.6579574599,1000000.0,2066244.0327712852,-0.011463283132837288
2022-03-21,1.7412466277745382,1.684393331569901,1.7009712992647044,1.7902774624821616,0.027387282549847725,1,643913.6579574599,1000000.0,2095278.651390189,0.014051882622964973
2022-03-22,1.775393101945919,1.7207187425681167,1.7355555487459746,1.7902774624821616,0.008313996488346478,1,643913.6579574599,1000000.0,2117547.921981387,0.01062830978420104
2022-03-23,1.7609465167195657,1.742244788346298,1.7802086303547031,1.7902774624821616,0.016383463668212337,1,643913.6579574599,1000000.0,2146300.6510991366,0.013578313302513578
2022-03-24,1.789401911862383,1.7424431820032762,1.7758308772558085,1.7902774624821616,0.0004890586169613606,1,643913.6579574599,1000000.0,2143481.756087593,-0.00131337378577423
2022-03-25,1.7885263612426037,1.7701798844338283,1.777144203185477,1.7902774624821616,0.0009781172339230933,1,643913.6579574599,1000000.0,2144327.424591056,0.0003945303014880608
2022-03-28,1.8778325244600609,1.7769767041636342,1.824861711963432,1.8778325244600609,0.0,1,643913.6579574599,1000000.0,2175053.3802168863,0.014328947749987275
2022-03-29,1.9154812011105573,1.8430493068485967,1.868201467642492,1.9154812011105573,0.0,1,643913.6579574599,1000000.0,2202960.4408311723,0.012830517571712718
2022-03-30,1.8695147935721603,1.8639542869615415,1.8988457393347569,1.9154812011105573,0.023997315928627534,1,643913.6579574599,1000000.0,2222692.705911981,0.008957158156396083
2022-03-31,1.9019101665039837,1.860897221065379,1.8747680972908345,1.9154812011105573,0.00708492184559441,1,643913.6579574599,1000000.0,2207188.7833484886,-0.006975288361839027
2022-04-01,1.8914035590666356,1.8632639171147845,1.8813347269391767,1.9154812011105573,0.01257002262928082,1,643913.6579574599,1000000.0,2211417.125865804,0.0019157140291827801
2022-04-06,1.876956973840282,1.8743554251244776,1.8756436479106136,1.9154812011105573,0.02011203620684959,1,643913.6579574599,1000000.0,2207752.5623507975,-0.001657110941280182
2022-04-07,1.902347941813873,1.8659580962966265,1.8725792207413872,1.9154812011105573,0.006856375979607635,1,643913.6579574599,1000000.0,2205779.3358427165,-0.0008937715855167339
2022-04-08,1.936932191295143,1.879512324221687,1.9128545492512208,1.936932191295143,0.0,1,643913.6579574599,1000000.0,2231713.1699489215,0.011757220536430912
2022-04-11,1.9688897889170764,1.9087989353478736,1.918545628279784,1.9688897889170764,0.0,1,643913.6579574599,1000000.0,2235377.733463929,0.0016420405473036581
2022-04-12,1.953567653070944,1.9297688776936164,1.982023048213761,1.9688897889170764,0.007782119615014024,1,643913.6579574599,1000000.0,2276251.7111313175,0.018285042861212686
2022-04-13,1.999096285299452,1.9423157735152323,1.9540054283808332,1.999096285299452,0.0,1,643913.6579574599,1000000.0,2258210.783057436,-0.007925717523092013
2022-04-14,2.011791769286247,1.951387106383121,1.9920918803412195,2.011791769286247,0.0,1,643913.6579574599,1000000.0,2282735.1696578693,0.010860096313608736
2022-04-15,1.95706985555006,1.9735350528166784,2.0170450730049208,2.011791769286247,0.027200585354617113,1,643913.6579574599,1000000.0,2298802.8712236704,0.007038793540036226
2022-04-18,1.9106656727017728,1.9644433461894035,1.9163567517303368,2.011791769286247,0.05026668173533289,1,643913.6579574599,1000000.0,2233968.285958157,-0.028203629844520628
2022-04-19,1.9470010234226016,1.9231671116602331,1.9181078529698947,2.011791769286247,0.03220549305986671,1,643913.6579574599,1000000.0,2235095.8439627746,0.0005047332192247289
2022-04-20,1.892716884996304,1.9136198344132307,1.9338677641259163,2.011791769286247,0.05918847373164703,1,643913.6579574599,1000000.0,2245243.866004333,0.004540307329087945
2022-04-21,1.8778325244600609,1.896888636008076,1.903223492433652,2.011791769286247,0.06658703294810309,1,643913.6579574599,1000000.0,2225511.600923525,-0.008788472993770391
2022-04-22,1.8984079640248677,1.888570798241438,1.8585704108249232,2.011791769286247,0.056359612854766775,1,643913.6579574599,1000000.0,2196758.8718057754,-0.01291960424102856
2022-04-25,1.8550682083458072,1.8783992823666709,1.8695147935721603,2.011791769286247,0.0779024764556238,1,643913.6579574599,1000000.0,2203806.1093346355,0.0032080159635667904
2022-04-26,1.8449993762183488,1.858025021985945,1.8594459614447023,2.011791769286247,0.0829073841608734,1,643913.6579574599,1000000.0,2197322.6508080843,-0.0029419369059234812
2022-04-27,1.866888141712824,1.8422221656171047,1.8384327465700063,2.011791769286247,0.07202715001902626,1,643913.6579574599,1000000.0,2183791.9547526725,-0.006157810301748667
2022-04-28,1.9649498111280708,1.8480470568253515,1.9124167739413316,2.011791769286247,0.023283701063552348,1,643913.6579574599,1000000.0,2231431.2804477676,0.021814956132343966
2022-04-29,1.9461254728028223,1.925596932964132,1.9649498111280708,2.011791769286247,0.032640702425540735,1,643913.6579574599,1000000.0,2265258.020586296,0.015159212132107802
2022-05-05,1.93955884315448,1.918243675805832,1.9601342827192865,2.011791769286247,0.035904772668094796,1,643913.6579574599,1000000.0,2262157.2360735973,-0.001368843851128343
2022-05-06,1.9224856060687896,1.928466627073149,1.922923381378679,2.011791769286247,0.044391355298735356,1,643913.6579574599,1000000.0,2238196.6284754733,-0.010591928454855015
2022-05-09,1.8949057615457516,1.9150934250101797,1.9076012455325464,2.011791769286247,0.05810045031746231,1,643913.6579574599,1000000.0,2228330.4959350685,-0.0044080722912736015
2022-05-10,1.854192657726028,1.879011163140381,1.8655748157831555,2.011791769286247,0.07833768582129783,1,643913.6579574599,1000000.0,2201269.103824246,-0.012144245281473176
2022-05-11,1.87870807507984,1.8520673673456305,1.850252679937023,2.011791769286247,0.06615182358242919,1,643913.6579574599,1000000.0,2191402.971283842,-0.0044820201779346425
2022-05-12,1.8524415564864705,1.8671325934258576,1.880459176319398,2.011791769286247,0.07920810455264532,1,643913.6579574599,1000000.0,2210853.3468634957,0.008875763989796281
2022-05-13,1.9470010234226016,1.8574964732280872,1.8576948602051444,2.011791769286247,0.03220549305986671,1,643913.6579574599,1000000.0,2196195.0928034666,-0.0066301340524573815
2022-05-16,1.9557565296203916,1.8992339563099283,1.9470010234226016,2.011791769286247,0.027853399403127924,1,643913.6579574599,1000000.0,2253700.5510389656,0.02618413019131771
2022-05-17,1.97458086794564,1.926951787963344,1.9618853839588444,2.011791769286247,0.01849639804113954,1,643913.6579574599,1000000.0,2263284.794078215,0.004252669253167252
2022-05-18,1.9627609345786237,1.947884823744952,1.96538758643796,2.011791769286247,0.02437172447773685,1,643913.6579574599,1000000.0,2265539.9100874504,0.0009963907393075733
2022-05-19,1.9544432036907229,1.9501169193839836,1.9470010234226016,2.011791769286247,0.028506213451638847,1,643913.6579574599,1000000.0,2253700.5510389656,-0.005225844398401236
2022-05-20,2.014856196455473,1.9339945957880396,1.9645120358181811,2.014856196455473,0.0,1,643913.6579574599,1000000.0,2264976.1310851416,0.005003140297843878
2022-05-23,2.020547275484037,1.971835179892116,2.0236117026532634,2.020547275484037,0.0,1,643913.6579574599,1000000.0,2303031.213740987,0.016801538053124343
2022-05-24,2.0218606014137053,1.98965086348954,2.018796174244479,2.0218606014137053,0.0,1,643913.6579574599,1000000.0,2299930.429228288,-0.0013463927428329914
2022-05-25,2.0490026706268543,2.00032220446139,2.02667612982249,2.0490026706268543,0.0,1,643913.6579574599,1000000.0,2305004.4402490673,0.0022061584804031753
2022-05-26,2.057758176824644,2.011279947050849,2.056444850894976,2.057758176824644,0.0,1,643913.6579574599,1000000.0,2324172.9263275675,0.008316030001412456
2022-05-27,2.1085401127718257,2.0275517338816376,2.0590715027543123,2.1085401127718257,0.0,1,643913.6579574599,1000000.0,2325864.263334493,0.0007277156479048585
2022-05-30,2.0853380213476824,2.0520917600648203,2.112917865870721,2.1085401127718257,0.01100386532065663,1,643913.6579574599,1000000.0,2360536.6719764853,0.014907322490214314
2022-05-31,2.0853380213476824,2.0640114112941723,2.0809602682487878,2.1085401127718257,0.01100386532065663,1,643913.6579574599,1000000.0,2339958.7383922143,-0.008717480998522653
2022-06-01,2.077895841079561,2.0511752748884766,2.065638132402655,2.1085401127718257,0.014533407027282364,1,643913.6579574599,1000000.0,2330092.6058518095,-0.004216370305394235
2022-06-02,2.0516293224861912,2.051459672529751,2.065200357092765,2.1085401127718257,0.02699061305066719,1,643913.6579574599,1000000.0,2329810.716350655,-0.00012097781025799392
2022-06-06,2.088402448516909,2.0350389234582007,2.0643248064729867,2.1085401127718257,0.009550524617928435,1,643913.6579574599,1000000.0,2329246.937348346,-0.000241984895318903
2022-06-07,2.0739558632905557,2.0481491036274493,2.0765825151498927,2.1085401127718257,0.016401987930789983,1,643913.6579574599,1000000.0,2337139.84338067,0.003388608526543546
2022-06-08,2.1391843844640905,2.048452706041916,2.0866513472773507,2.1391843844640905,0.0,1,643913.6579574599,1000000.0,2343623.301907221,0.002774099523789042
2022-06-09,2.1234244733080683,2.079916470456001,2.127364451097074,2.1391843844640905,0.0073672523371427125,1,643913.6579574599,1000000.0,2369839.025514581,0.011185980095873571
2022-06-10,2.122548922688289,2.092829592952494,2.10460013498282,2.1391843844640905,0.007776544133650768,1,643913.6579574599,1000000.0,2355180.7714545513,-0.006185337443688432
2022-06-13,2.075269189220224,2.080980414890856,2.1024112584333725,2.1391843844640905,0.029878301145078074,1,643913.6579574599,1000000.0,2353771.323948779,-0.000598445572779438
2022-06-14,2.1094156633916046,2.0558169850700483,2.0608226039938704,2.1391843844640905,0.013915921081269314,1,643913.6579574599,1000000.0,2326991.821339111,-0.011377274562399675
2022-06-15,2.0739558632905557,2.0602457727662262,2.10503791029271,2.1391843844640905,0.03049223883983985,1,643913.6579574599,1000000.0,2355462.660955706,0.012235040688802767
2022-06-16,2.0170450730049208,2.0599146156771795,2.0743936386004447,2.1391843844640905,0.05709620561285472,1,643913.6579574599,1000000.0,2335730.3958748975,-0.008377235355028878
2022-06-17,2.024049477963153,2.023525912426442,2.0096028927368,2.1391843844640905,0.05382187124079132,1,643913.6579574599,1000000.0,2294010.749704046,-0.017861499017408744
2022-06-20,1.9575076308599493,1.999794156697616,1.999534060609341,2.1391843844640905,0.08492804777539315,1,643913.6579574599,1000000.0,2287527.2911774945,-0.0028262546404318467
2022-06-21,1.9636364851984025,1.96492062655274,1.9557565296203916,2.1391843844640905,0.08206300519983759,1,643913.6579574599,1000000.0,2259338.3410620536,-0.012322891282722459
2022-06-22,1.943936596253375,1.9568691506403773,1.9723919913961925,2.1391843844640905,0.09127207062126583,1,643913.6579574599,1000000.0,2270050.142105921,0.004741123031104966
2022-06-23,1.9715164407764127,1.9480655156109876,1.9448121468731536,2.1391843844640905,0.07837937903126665,1,643913.6579574599,1000000.0,2252291.1035331935,-0.007823192203258
2022-06-24,1.9645120358181811,1.9465927600041777,1.9715164407764127,2.1391843844640905,0.08165371340332984,1,643913.6579574599,1000000.0,2269486.363103612,0.007634563553283069
2022-06-27,2.0179206236247,1.9474581437840264,1.9680142382972967,2.1391843844640905,0.05668691381634667,1,643913.6579574599,1000000.0,2267231.2470943765,-0.0009936680148857624
2022-06-28,2.036307186640059,1.97838617852506,2.0293027816818268,2.1391843844640905,0.04809178608968041,1,643913.6579574599,1000000.0,2306695.777255994,0.017406486529415233
2022-06-29,2.041998265668622,1.9950716194706088,2.0341183100906117,2.1391843844640905,0.04543138941237899,1,643913.6579574599,1000000.0,2309796.5617686925,0.0013442537777510477
2022-06-30,2.056444850894976,2.0122739193120727,2.0310538829213844,2.1391843844640905,0.038678074769998044,1,643913.6579574599,1000000.0,2307823.335260611,-0.0008542858452306179
2022-07-01,2.048564895316965,2.012760551564964,2.0437493669081803,2.1391843844640905,0.04236170093856951,1,643913.6579574599,1000000.0,2315998.1307940893,0.0035422102760545027
2022-07-04,2.0608226039938704,2.0105222769989046,2.0546937496554176,2.1391843844640905,0.036631615787458806,1,643913.6579574599,1000000.0,2323045.3683229494,0.003042851129782198
2022-07-05,2.10460013498282,2.0231394789902075,2.0730803126707764,2.1391843844640905,0.016167025962062893,1,643913.6579574599,1000000.0,2334884.7273714347,0.00509648206183444
2022-07-06,2.014856196455473,2.0593232756608835,2.07877139169934,2.1391843844640905,0.05811943510412455,1,643913.6579574599,1000000.0,2338549.290886442,0.0015694836974384785
2022-07-07,2.0520670977960807,2.021830381450602,2.014856196455473,2.1391843844640905,0.04072453375253791,1,643913.6579574599,1000000.0,2297393.4237178983,-0.017598888049498163
2022-07-08,2.063011480543318,2.014989474241468,2.074831413910334,2.1391843844640905,0.03560838629618898,1,643913.6579574599,1000000.0,2336012.285376052,0.01680985993058881
2022-07-11,1.979396396354424,2.054195935214588,2.023173927343373,2.1391843844640905,0.07469575286269518,1,643913.6579574599,1000000.0,2302749.3242398314,-0.014239206422181017
2022-07-12,2.0113539939763574,1.9898556030715728,1.9798341716643135,2.1391843844640905,0.05975660229015615,1,643913.6579574599,1000000.0,2274842.2636255454,-0.012119018045309127
2022-07-13,1.995594082820336,1.9893167004359933,1.988151902552214,2.1391843844640905,0.06712385462729845,1,643913.6579574599,1000000.0,2280198.1641474795,0.0023544052295731976
2022-07-14,2.0043495890181253,1.9763755222708372,1.999971835919231,2.1391843844640905,0.06303093666221955,1,643913.6579574599,1000000.0,2287809.180678649,0.0033378750368457943
2022-07-15,2.012229544596136,1.9925354204230272,2.016169522385142,2.1391843844640905,0.05934731049364851,1,643913.6579574599,1000000.0,2298239.0922213616,0.004558907985332317
2022-07-18,2.046376018767517,2.005757990264958,2.018796174244479,2.1391843844640905,0.04338493042983954,1,643913.6579574599,1000000.0,2299930.429228288,0.0007359273509230935
2022-07-19,2.027113905132379,2.007974054093325,2.049440445936744,2.1391843844640905,0.05238934995301365,1,643913.6579574599,1000000.0,2319662.694309097,0.008579505201568027
2022-07-20,2.012229544596136,2.004870562745445,2.0332427594708324,2.1391843844640905,0.05934731049364851,1,643913.6579574599,1000000.0,2309232.7827663836,-0.0044963052465779585
2022-07-21,1.93955884315448,1.9973155719696112,2.0034740383983465,2.1391843844640905,0.09331852960380548,1,643913.6579574599,1000000.0,2290064.296687884,-0.008300802856062273
2022-07-22,1.9505032259017172,1.9578818266807103,1.9356188653654745,2.1391843844640905,0.08820238214745656,1,643913.6579574599,1000000.0,2246371.4240089506,-0.019079321371948454
2022-07-25,1.9618853839588444,1.9385566479103693,1.9487521246621595,2.1391843844640905,0.0828815887928535,1,643913.6579574599,1000000.0,2254828.1090435833,0.0037645978506708477
2022-07-26,1.981585272903872,1.938711789078158,1.9658253617478496,2.1391843844640905,0.07367252337142516,1,643913.6579574599,1000000.0,2265821.799588605,0.004875622448083039
2022-07-27,1.9719542160863028,1.963302081667696,1.981585272903872,2.1391843844640905,0.07817473313301242,1,643913.6579574599,1000000.0,2275969.821630164,0.004478737932259946
2022-07-28,1.9680142382972967,1.954408267703316,1.9828985988335404,2.1391843844640905,0.08001654621729835,1,643913.6579574599,1000000.0,2276815.490133627,0.0003715640231367612
2022-07-29,1.939996618464369,1.950860561601596,1.971078665466524,2.1391843844640905,0.09311388370555165,1,643913.6579574599,1000000.0,2269204.473602458,-0.0033428341313341825
2022-08-01,1.9548809790006123,1.949274414333937,1.940434393774259,2.1391843844640905,0.0861559231649169,1,643913.6579574599,1000000.0,2249472.2085216492,-0.008695675207039733
2022-08-02,1.9343055394358064,1.930646285331464,1.9356188653654745,2.1391843844640905,0.09577428038285277,1,643913.6579574599,1000000.0,2246371.4240089506,-0.0013784497985580568
2022-08-03,1.9189834035896736,1.924834920963466,1.942185495013817,2.1391843844640905,0.10293688682174156,1,643913.6579574599,1000000.0,2250599.766526267,0.0018822989253355349
2022-08-04,1.918545628279784,1.9150760572152925,1.917232302350116,2.1391843844640905,0.10314153271999559,1,643913.6579574599,1000000.0,2234532.0649604658,-0.007139297624028984
2022-08-05,1.90453681836332,1.9009039365875224,1.918545628279784,2.1391843844640905,0.1096902014641223,1,643913.6579574599,1000000.0,2235377.733463929,0.0003784544051634864
2022-08-08,1.93080333695669,1.8845578356343804,1.8931546603061933,2.1391843844640905,0.09741144756888469,1,643913.6579574599,1000000.0,2219028.1423969734,-0.007314017144485208
2022-08-09,1.95706985555006,1.899066290290058,1.93124111226658,2.1391843844640905,0.08513269367364697,1,643913.6579574599,1000000.0,2243552.5289974073,0.011051859204427528
2022-08-10,1.9509410012116069,1.9333149138150587,1.95706985555006,2.1391843844640905,0.08799773624920253,1,643913.6579574599,1000000.0,2260184.009565517,0.007413011441965933
2022-08-11,1.955318754310502,1.9426005051525623,1.9649498111280708,2.1391843844640905,0.08595127726666286,1,643913.6579574599,1000000.0,2265258.020586296,0.002244954835227908
2022-08-12,1.9767697444950876,1.938648496825637,1.9596965074093968,2.1391843844640905,0.07592362825221873,1,643913.6579574599,1000000.0,2261875.346572443,-0.001493284201230849
2022-08-15,1.9890274531719931,1.9528800687512895,1.9776452951148664,2.1391843844640905,0.07019354310110804,1,643913.6579574599,1000000.0,2273432.8161197742,0.005109684565440364
2022-08-16,1.9877141272423249,1.9650665828290013,1.9833363741434296,2.1391843844640905,0.0708074807958698,1,643913.6579574599,1000000.0,2277097.379634781,0.001611907547486302
2022-08-17,1.982023048213761,1.9651400619612156,1.988151902552214,2.1391843844640905,0.07346787747317143,1,643913.6579574599,1000000.0,2280198.1641474795,0.0013617267932546362
2022-08-18,1.9785208457346453,1.9655121335670636,1.9842119247632088,2.1391843844640905,0.07510504465920304,1,643913.6579574599,1000000.0,2277661.15863709,-0.0011126250122817094
2022-08-19,2.010040668046689,1.9705133905024008,1.9728297667060817,2.1391843844640905,0.06037053998491792,1,643913.6579574599,1000000.0,2270332.0316070756,-0.0032178302739289677
2022-08-22,2.0297405569917166,1.9825439284221849,2.012667319906026,2.1391843844640905,0.051161474563489684,1,643913.6579574599,1000000.0,2295983.976212126,0.01129876346187686
2022-08-23,2.0476893446971856,2.0125958915095925,2.0297405569917166,2.1391843844640905,0.04277099273507756,1,643913.6579574599,1000000.0,2306977.6667571487,0.004788226163128462
2022-08-24,2.059947053374092,2.025820799323912,2.049440445936744,2.1391843844640905,0.03704090758396645,1,643913.6579574599,1000000.0,2319662.694309097,0.005498548050436591
2022-08-25,2.127364451097074,2.03681728545581,2.054255974345528,2.1391843844640905,0.005525439252856983,1,643913.6579574599,1000000.0,2322763.478821795,0.001336739397631126
2022-08-26,2.0783336163894504,2.0681902029427945,2.110728989321273,2.1391843844640905,0.0284457798573004,1,643913.6579574599,1000000.0,2359127.224470713,0.015655380317656453
2022-08-29,2.1054756856026,2.055986655066252,2.0612603793037603,2.1391843844640905,0.015757734165554628,1,643913.6579574599,1000000.0,2327273.7108402653,-0.013502244940433172
2022-08-30,2.045938243457628,2.051006439882412,2.101973483123483,2.1391843844640905,0.04358957632809326,1,643913.6579574599,1000000.0,2353489.434447625,0.011264563976832287
2022-08-31,2.0380582878796165,2.0391614367714683,2.040684939738954,2.1391843844640905,0.04727320249666472,1,643913.6579574599,1000000.0,2314024.9042860083,-0.01676851809231905
2022-09-01,2.071766986741108,2.019873665559345,2.032804984160943,2.1391843844640905,0.03151546833110967,1,643913.6579574599,1000000.0,2308950.893265229,-0.0021927210080501247
2022-09-02,2.0520670977960807,2.0316505334749637,2.0704536608114394,2.1391843844640905,0.04072453375253791,1,643913.6579574599,1000000.0,2333193.390364508,0.010499355863301307
2022-09-05,2.135244406675085,2.0314618257035955,2.0757069645301134,2.1391843844640905,0.00184181308428573,1,643913.6579574599,1000000.0,2336576.0643783608,0.0014498043873354405
2022-09-06,2.149253216591549,2.0690854793696127,2.135244406675085,2.149253216591549,0.0,1,643913.6579574599,1000000.0,2374913.03653536,0.016407328972274815
2022-09-07,2.1374332832245324,2.096790619172918,2.136995507914643,2.149253216591549,0.00549955364764397,1,643913.6579574599,1000000.0,2376040.5945399776,0.00047477864969014405
2022-09-08,2.123862248617958,2.098102555678996,2.120797821448732,2.149253216591549,0.011813855983827634,1,643913.6579574599,1000000.0,2365610.682997265,-0.004389618412530494
2022-09-09,2.1426865869432064,2.0836249956584534,2.140935485703648,2.149253216591549,0.0030553075820244735,1,643913.6579574599,1000000.0,2378577.600050367,0.005481424795001688
2022-09-13,2.1304288782663003,2.097206945256122,2.1334933054355267,2.149253216591549,0.008758548401803366,1,643913.6579574599,1000000.0,2373785.478530742,-0.0020147005166126775
2022-09-14,2.126051125167405,2.0859263954790053,2.115106742420168,2.149253216591549,0.010795420123153222,1,643913.6579574599,1000000.0,2361946.1194822574,-0.004987543801056926
2022-09-15,2.127802226406964,2.08937757672068,2.140497710393759,2.149253216591549,0.009980671434612908,1,643913.6579574599,1000000.0,2378295.710549213,0.006922084687748686
2022-09-16,2.065200357092765,2.089666650306732,2.1159822930399472,2.149253216591549,0.039107937049912354,1,643913.6579574599,1000000.0,2362509.8984845662,-0.006637447141088049
2022-09-19,2.0888402238267982,2.0630897491789684,2.07001588550155,2.149253216591549,0.028108829754624413,1,643913.6579574599,1000000.0,2332911.5008633537,-0.01252836978173022
2022-09-20,2.082273594178456,2.0565514423961337,2.0980335053344774,2.149253216591549,0.03116413733664868,1,643913.6579574599,1000000.0,2350952.4289372354,0.007733224371008207
2022-09-21,2.074831413910334,2.066163514877907,2.081835818868566,2.149253216591549,0.034626819262943205,1,643913.6579574599,1000000.0,2340522.517394522,-0.004436462182022205
2022-09-22,2.1102912140113834,2.057496651233252,2.063449255853208,2.149253216591549,0.018128158320011505,1,643913.6579574599,1000000.0,2328683.1583460374,-0.0050584256124416305
2022-09-23,2.074831413910334,2.0608633314728806,2.109853438701494,2.149253216591549,0.034626819262943205,1,643913.6579574599,1000000.0,2358563.4454684043,0.012831409466451227
2022-09-26,2.038933838499396,2.0643046598309174,2.0516293224861912,2.149253216591549,0.051329167378009626,1,643913.6579574599,1000000.0,2321072.141814869,-0.015895821554246847
2022-09-27,2.040684939738954,2.020055526411576,2.0625737052334285,2.149253216591549,0.05051441868946973,1,643913.6579574599,1000000.0,2328119.3793437285,0.00303619926408194
2022-09-28,2.0511915471763014,2.0049650836291564,2.039809389119174,2.149253216591549,0.04562592655823094,1,643913.6579574599,1000000.0,2313461.1252836995,-0.006296178018225573
2022-09-29,2.084900246037793,2.021265260124664,2.070891436121329,2.149253216591549,0.029942014303838933,1,643913.6579574599,1000000.0,2333475.2798656626,0.008651173932956668
2022-09-30,2.094969078165251,2.0511420422809525,2.0932179769256933,2.149253216591549,0.02525720934473507,1,643913.6579574599,1000000.0,2347851.644424537,0.0061609243015861015
2022-10-10,2.109853438701494,2.05224456326022,2.1102912140113834,2.149253216591549,0.018331845492146427,1,643913.6579574599,1000000.0,2358845.3349695588,0.004682446853543132
2022-10-11,2.0936557522355828,2.0781947207898024,2.110728989321273,2.149253216591549,0.025868270861139842,1,643913.6579574599,1000000.0,2359127.224470713,0.00011950317258002663
2022-10-12,2.1076645621520465,2.066310473142335,2.0888402238267982,2.149253216591549,0.019350281352821252,1,643913.6579574599,1000000.0,2345032.749412993,-0.005974444663908396
2022-10-13,2.07001588550155,2.063725677668676,2.1054756856026,2.149253216591549,0.03686737815642757,1,643913.6579574599,1000000.0,2355744.550456861,0.004567868421688104
2022-10-14,2.090591325066356,2.06327895794442,2.081835818868566,2.149253216591549,0.02729408106608472,1,643913.6579574599,1000000.0,2340522.517394522,-0.006461665403995842
2022-10-17,2.074831413910334,2.066301789244892,2.081835818868566,2.149253216591549,0.034626819262943205,1,643913.6579574599,1000000.0,2340522.517394522,0.0
2022-10-18,2.0665136830224338,2.048894916819423,2.0765825151498927,2.149253216591549,0.03849687553350738,1,643913.6579574599,1000000.0,2337139.84338067,-0.0014452644606973708
2022-10-19,2.0687025595718813,2.05512294126668,2.059509278064202,2.149253216591549,0.03747843967283255,1,643913.6579574599,1000000.0,2326146.1528356476,-0.004703907888164771
2022-10-20,2.042873816288401,2.0391140093315845,2.071766986741108,2.149253216591549,0.04949598282879511,1,643913.6579574599,1000000.0,2334039.0588679714,0.00339312558787519
2022-10-21,2.0590715027543123,2.033110931227719,2.0433115915982905,2.149253216591549,0.0419595574598017,1,643913.6579574599,1000000.0,2315716.241292935,-0.007850261762081812
2022-10-24,2.0166072976950318,2.0447652225909616,2.053818199035639,2.149253216591549,0.06171721315689238,1,643913.6579574599,1000000.0,2322481.5893206405,0.0029214926712819445
2022-10-25,2.0157317470752525,2.018934802647282,2.032804984160943,2.149253216591549,0.06212458750116244,1,643913.6579574599,1000000.0,2308950.893265229,-0.005825964829012653
2022-10-26,1.9798341716643135,2.0016164391765257,2.0104784433565785,2.149253216591549,0.07882693561622917,1,643913.6579574599,1000000.0,2294574.528706354,-0.0062263621980044315
2022-10-27,1.9938429815807777,1.9713637444597512,1.981585272903872,2.149253216591549,0.07230894610791037,1,643913.6579574599,1000000.0,2275969.821630164,-0.008108129347482618
2022-10-28,1.995156307510446,1.971060810037396,1.9925296556511087,2.149253216591549,0.0716978845915056,1,643913.6579574599,1000000.0,2283017.0591590237,0.003096366859474564
2022-10-31,1.936932191295143,1.972242488081821,2.001722937158789,2.149253216591549,0.09878827848545509,1,643913.6579574599,1000000.0,2288936.7386832666,0.0025929195318512566
2022-11-01,1.9540054283808332,1.9564999180010016,1.9448121468731536,2.149253216591549,0.09084447877219172,1,643913.6579574599,1000000.0,2252291.1035331935,-0.016009894258219637
2022-11-02,1.9859630260027668,1.9228524873759347,1.949189899972049,2.149253216591549,0.07597531520633961,1,643913.6579574599,1000000.0,2255109.9985447377,0.0012515677956201898
2022-11-03,1.9719542160863028,1.9514899771682208,1.9859630260027668,2.149253216591549,0.08249330471465831,1,643913.6579574599,1000000.0,2278788.7166417073,0.010500027986328764
2022-11-04,2.011791769286247,1.952784211883356,1.9706408901566344,2.149253216591549,0.06395777205037716,1,643913.6579574599,1000000.0,2268922.5841013035,-0.004329551251659569
2022-11-07,2.030616107611495,1.974960881977688,2.014418421145584,2.149253216591549,0.055199223648574006,1,643913.6579574599,1000000.0,2297111.534216744,0.012423936503151323
2022-11-08,2.0192339495543683,1.9995449956401987,2.0354316360202795,2.149253216591549,0.06049509012408284,1,643913.6579574599,1000000.0,2310642.2302721553,0.005890308700236879
2022-11-09,1.9973451840598937,1.998701655600014,2.0166072976950318,2.149253216591549,0.07067944873083068,1,643913.6579574599,1000000.0,2298520.981722516,-0.00524583528805822
2022-11-10,1.999096285299452,1.985279356116883,1.9842119247632088,2.149253216591549,0.06986470004229067,1,643913.6579574599,1000000.0,2277661.15863709,-0.009075324198169143
2022-11-11,2.0166072976950318,1.9595412860825552,2.0166072976950318,2.149253216591549,0.06171721315689238,1,643913.6579574599,1000000.0,2298520.981722516,0.009158440010413216
2022-11-14,1.9618853839588444,1.9946457744998225,2.0209850507939264,2.149253216591549,0.08717810967376238,1,643913.6579574599,1000000.0,2301339.8767340602,0.0012263951619149172
2022-11-15,1.961447608648955,1.9720340745431773,1.9575076308599493,2.149253216591549,0.0873817968458973,1,643913.6579574599,1000000.0,2260465.899066671,-0.017760947907179858
2022-11-16,1.9723919913961925,1.948506390404272,1.9684520136071864,2.149253216591549,0.08228961754252329,1,643913.6579574599,1000000.0,2267513.1365955314,0.0031176040000295835
2022-11-17,1.9461254728028223,1.9572413892442533,1.9649498111280708,2.149253216591549,0.09451084787062097,1,643913.6579574599,1000000.0,2265258.020586296,-0.0009945327208208399
2022-11-18,1.9478765740423805,1.9392119481712973,1.950065450591828,2.149253216591549,0.09369609918208106,1,643913.6579574599,1000000.0,2255673.7775470465,-0.004230971903487091
2022-11-21,1.935181090055585,1.9435811175715652,1.9356188653654745,2.149253216591549,0.09960302717399488,1,643913.6579574599,1000000.0,2246371.4240089506,-0.004123979996882299
2022-11-22,1.960572058029176,1.9267786110085572,1.936056640675364,2.149253216591549,0.08778917119016726,1,643913.6579574599,1000000.0,2246653.313510105,0.0001254865950224282
2022-11-23,1.994280756890667,1.9349840591025131,1.961447608648955,2.149253216591549,0.07210525893577545,1,643913.6579574599,1000000.0,2263002.9045770606,0.00727730930653081
2022-11-24,1.9973451840598937,1.96753665065759,1.9859630260027668,2.149253216591549,0.07067944873083068,1,643913.6579574599,1000000.0,2278788.7166417073,0.0069756039785537904
2022-11-25,2.0345560854005007,1.9649044277440468,1.9938429815807777,2.149253216591549,0.053366039099359275,1,643913.6579574599,1000000.0,2283862.727662487,0.0022266263579966417
2022-11-28,2.039371613809285,1.987895714217789,2.0179206236247,2.149253216591549,0.05112548020587471,1,643913.6579574599,1000000.0,2299366.6502259793,0.006788465162860469
2022-11-29,2.0341183100906117,1.9998596199244971,2.040684939738954,2.149253216591549,0.05356972627149399,1,643913.6579574599,1000000.0,2314024.9042860083,0.006374909394545103
2022-11-30,2.047251569387296,2.009107469707728,2.036307186640059,2.149253216591549,0.04745911110744546,1,643913.6579574599,1000000.0,2311206.009274464,-0.0012181783378057975
2022-12-01,2.0170450730049208,2.0186742857239777,2.0612603793037603,2.149253216591549,0.061513525984757664,1,643913.6579574599,1000000.0,2327273.7108402653,0.006952085405335762
2022-12-02,1.9964696334401144,2.0073204238126743,2.0139806458356944,2.149253216591549,0.07108682307510072,1,643913.6579574599,1000000.0,2296829.6447155895,-0.013081429134385703
2022-12-05,2.0157317470752525,1.99422260149748,2.014418421145584,2.149253216591549,0.06212458750116244,1,643913.6579574599,1000000.0,2297111.534216744,0.00012272982534988763
2022-12-06,2.0209850507939264,1.997385210147187,2.0061006902576834,2.149253216591549,0.05968034143554294,1,643913.6579574599,1000000.0,2291755.6336948103,-0.0023315805271770795
2022-12-07,1.989903003791772,1.9942334563692845,2.023173927343373,2.149253216591549,0.0741421306571251,1,643913.6579574599,1000000.0,2302749.3242398314,0.004797060551912757
2022-12-08,1.9837741494533192,1.9884225929953696,1.989903003791772,2.149253216591549,0.07699375106701443,1,643913.6579574599,1000000.0,2281325.722152097,-0.00930348860043917
2022-12-09,1.9842119247632088,1.9722271242632672,1.981585272903872,2.149253216591549,0.07679006389487941,1,643913.6579574599,1000000.0,2275969.821630164,-0.002347714081302077
2022-12-12,1.9544432036907229,1.9740924922333392,1.9798341716643135,2.149253216591549,0.0906407916000567,1,643913.6579574599,1000000.0,2274842.2636255454,-0.0004954186975163477
2022-12-13,1.964074260508292,1.9529640687592529,1.961009833339065,2.149253216591549,0.08615967381308755,1,643913.6579574599,1000000.0,2262721.015075906,-0.005328390782717851
2022-12-14,1.9715164407764127,1.940466938349909,1.967576462987408,2.149253216591549,0.08269699188679354,1,643913.6579574599,1000000.0,2266949.3575932225,0.0018686981245783496
2022-12-15,1.9522543271412756,1.9465252928009629,1.966700912367629,2.149253216591549,0.09165922746073142,1,643913.6579574599,1000000.0,2266385.5785909137,-0.00024869501403745886
2022-12-16,1.961009833339065,1.927157696531571,1.953567653070944,2.149253216591549,0.08758548401803243,1,643913.6579574599,1000000.0,2257928.893556282,-0.0037313531794928023
2022-12-19,1.9417477197039277,1.9315607665314745,1.9588209567896175,2.149253216591549,0.09654771959197041,1,643913.6579574599,1000000.0,2261311.567570134,0.0014981313288942033
2022-12-20,1.9316788875764688,1.9227955410484687,1.9417477197039277,2.149253216591549,0.10123252455107469,1,643913.6579574599,1000000.0,2250317.8770251125,-0.004861643438561991
2022-12-21,1.9237989319984583,1.9084036510161675,1.9316788875764688,2.149253216591549,0.10489889364950372,1,643913.6579574599,1000000.0,2243834.418498561,-0.0028811300806634854
2022-12-22,1.914605650490779,1.906577527582619,1.932554438196248,2.149253216591549,0.10917632426433785,1,643913.6579574599,1000000.0,2244398.19750087,0.00025125695446215346
2022-12-23,1.921172280139121,1.9048728117152511,1.916794527040226,2.149253216591549,0.10612101668231368,1,643913.6579574599,1000000.0,2234250.1754593113,-0.004521489124727718
2022-12-26,1.921172280139121,1.8885841580836584,1.920734504829232,2.149253216591549,0.10612101668231368,1,643913.6579574599,1000000.0,2236787.180969701,0.0011355064612978971
2022-12-27,1.9386832925347008,1.8917982021259152,1.926425583857795,2.149253216591549,0.09797352979691529,1,643913.6579574599,1000000.0,2240451.744484708,0.001638315681609992
2022-12-28,1.9426232703237063,1.9181307851390663,1.9334299888160271,2.149253216591549,0.09614034524770067,1,643913.6579574599,1000000.0,2244961.976503179,0.002013090453554023
2022-12-29,1.916794527040226,1.920470594506003,1.9386832925347008,2.149253216591549,0.10815788840366322,1,643913.6579574599,1000000.0,2248344.6505170316,0.001506784546579043
2022-12-30,1.9189834035896736,1.9038688195723616,1.9181078529698947,2.149253216591549,0.1071394525429884,1,643913.6579574599,1000000.0,2235095.8439627746,-0.005892693787498349
2023-01-03,1.936056640675364,1.9108206134719283,1.9189834035896736,2.149253216591549,0.09919565282972494,1,643913.6579574599,1000000.0,2235659.6229650835,0.0002522392960604414
2023-01-04,1.9237989319984583,1.9133007011821828,1.9334299888160271,2.149253216591549,0.10489889364950372,1,643913.6579574599,1000000.0,2244961.976503179,0.004160898842802352
2023-01-05,1.9181078529698947,1.904452978673464,1.9237989319984583,2.149253216591549,0.10754682688725825,1,643913.6579574599,1000000.0,2238760.407477782,-0.0027624383353951343
2023-01-06,1.9189834035896736,1.904650370342276,1.9176700776600053,2.149253216591549,0.1071394525429884,1,643913.6579574599,1000000.0,2234813.95446162,-0.0017627848888965847
2023-01-09,1.9224856060687896,1.8987409781319828,1.9259878085479056,2.149253216591549,0.1055099551659087,1,643913.6579574599,1000000.0,2240169.854983554,0.0023965755678414524
2023-01-10,1.9111034480116629,1.909695714756941,1.918545628279784,2.149253216591549,0.11080582164141754,1,643913.6579574599,1000000.0,2235377.733463929,-0.002139177754295951
2023-01-11,1.9715164407764127,1.9003902506541344,1.9198589542094529,2.149253216591549,0.08269699188679354,1,643913.6579574599,1000000.0,2236223.4019673923,0.00037831123161136126
2023-01-12,1.9706408901566344,1.9443137379193456,1.9662631370577397,2.149253216591549,0.08310436623106318,1,643913.6579574599,1000000.0,2266103.6890897593,0.013361941877577443
2023-01-13,1.9785208457346453,1.953921635450425,1.9706408901566344,2.149253216591549,0.07943799713263394,1,643913.6579574599,1000000.0,2268922.5841013035,0.0012439391123697519
2023-01-16,1.9627609345786237,1.9661048095675813,1.9772075198049768,2.149253216591549,0.08677073532949232,1,643913.6579574599,1000000.0,2273150.9266186194,0.0018635904754726873
2023-01-17,1.9645120358181811,1.9514609195113908,1.9618853839588444,2.149253216591549,0.08595598664095273,1,643913.6579574599,1000000.0,2263284.794078215,-0.004340289254387786
2023-01-18,1.957945406169839,1.9427730141152375,1.9618853839588444,2.149253216591549,0.089011294222977,1,643913.6579574599,1000000.0,2263284.794078215,0.0
2023-01-19,1.9601342827192865,1.947905531500394,1.9631987098885129,2.149253216591549,0.08799285836230217,1,643913.6579574599,1000000.0,2264130.4625816783,0.00037364652724036773
2023-01-20,1.966700912367629,1.9528109315677973,1.9596965074093968,2.149253216591549,0.0849375507802778,1,643913.6579574599,1000000.0,2261875.346572443,-0.000996018580423974
2023-01-30,1.9382455172248116,1.9541392338805956,1.9684520136071864,2.149253216591549,0.09817721696905012,1,643913.6579574599,1000000.0,2267513.1365955314,0.002492529056312476
2023-01-31,1.9526921024511648,1.932553736804532,1.9478765740423805,2.149253216591549,0.09145554028859659,1,643913.6579574599,1000000.0,2254264.3300412744,-0.005842879734822115
2023-02-01,1.9478765740423805,1.941693705861829,1.953567653070944,2.149253216591549,0.09369609918208106,1,643913.6579574599,1000000.0,2257928.893556282,0.0016256139380692591
2023-02-02,1.95706985555006,1.9371400036408868,1.9478765740423805,2.149253216591549,0.08941866856724684,1,643913.6579574599,1000000.0,2254264.3300412744,-0.0016229756063025347
2023-02-03,1.946563248112712,1.9394113438164415,1.9487521246621595,2.149253216591549,0.09430716069848594,1,643913.6579574599,1000000.0,2254828.1090435833,0.00025009445201074065
2023-02-06,1.9408721690841488,1.9336919953617395,1.941309944394038,2.149253216591549,0.09695509393624026,1,643913.6579574599,1000000.0,2250035.987523958,-0.002125271323523581
2023-02-07,1.942185495013817,1.9319488699479872,1.9408721690841488,2.149253216591549,0.09634403241983548,1,643913.6579574599,1000000.0,2249754.0980228037,-0.00012528221891450197
2023-02-08,1.9316788875764688,1.910938347081499,1.9434988209434851,2.149253216591549,0.10123252455107469,1,643913.6579574599,1000000.0,2251445.43502973,0.0007517874990929929
2023-02-09,1.936932191295143,1.910561265534818,1.929052235717132,2.149253216591549,0.09878827848545509,1,643913.6579574599,1000000.0,2242143.0814916347,-0.004131725065756542
2023-02-10,1.9224856060687896,1.908423857777526,1.9356188653654745,2.149253216591549,0.1055099551659087,1,643913.6579574599,1000000.0,2246371.4240089506,0.0018858486562343124
2023-02-13,1.9106656727017728,1.905207976756964,1.9216100554490103,2.149253216591549,0.11100950881355277,1,643913.6579574599,1000000.0,2237350.9599720095,-0.004015571040715482
2023-02-14,1.914605650490779,1.8914601981177304,1.913730099871,2.149253216591549,0.10917632426433785,1,643913.6579574599,1000000.0,2232276.948951231,-0.0022678654853693914
2023-02-15,1.901034615884204,1.8936044527941605,1.9132923245611104,2.149253216591549,0.11549062660052181,1,643913.6579574599,1000000.0,2231995.059450076,-0.00012627891054795004
2023-02-16,1.88746358127763,1.886755863675749,1.9049745936732096,2.149253216591549,0.12180492893670537,1,643913.6579574599,1000000.0,2226639.1589281424,-0.0023996023195737015
2023-02-17,1.8931546603061933,1.8711822955990225,1.8852747047281824,2.149253216591549,0.11915699569895095,1,643913.6579574599,1000000.0,2213954.131376194,-0.005696939039756654
2023-02-20,1.917232302350116,1.8789518788405264,1.8957813121655305,2.149253216591549,0.10795420123152799,1,643913.6579574599,1000000.0,2220719.4794039,0.0030557760577907267
2023-02-21,1.93080333695669,1.8937238563840084,1.9159189764204476,2.149253216591549,0.10163989889534454,1,643913.6579574599,1000000.0,2233686.3964570025,0.005839061247205901
2023-02-22,1.9294900110270212,1.9085684780695655,1.927301134477574,2.149253216591549,0.10225096041174951,1,643913.6579574599,1000000.0,2241015.523487017,0.0032811799550911402
2023-02-23,1.9364944159852533,1.9080247324911808,1.9487521246621595,2.149253216591549,0.09899196565759011,1,643913.6579574599,1000000.0,2254828.1090435833,0.006163538543933811
2023-02-24,1.929052235717132,1.9259666665975916,1.932554438196248,2.149253216591549,0.10245464758388433,1,643913.6579574599,1000000.0,2244398.19750087,-0.004625590527668755
2023-02-27,1.9338677641259163,1.9140944428081228,1.929052235717132,2.149253216591549,0.10021408869039987,1,643913.6579574599,1000000.0,2242143.0814916347,-0.0010047753610507026
2023-02-28,1.9356188653654745,1.9202389682415009,1.934743314745696,2.149253216591549,0.09939934000185996,1,643913.6579574599,1000000.0,2245807.6450066427,0.0016344021687366705
2023-03-01,1.9382455172248116,1.921146435524345,1.9356188653654745,2.149253216591549,0.09817721696905012,1,643913.6579574599,1000000.0,2246371.4240089506,0.0002510361933985017
2023-03-02,1.9434988209434851,1.922142411761902,1.9382455172248116,2.149253216591549,0.09573297090343082,1,643913.6579574599,1000000.0,2248062.761015877,0.0007529195701341251
2023-03-03,1.9557565296203916,1.936099605927946,1.9487521246621595,2.149253216591549,0.09002973008365173,1,643913.6579574599,1000000.0,2254828.1090435833,0.0030094124350197315
2023-03-06,1.9417477197039277,1.947285133827268,1.9540054283808332,2.149253216591549,0.09654771959197041,1,643913.6579574599,1000000.0,2258210.783057436,0.0015001915224870377
2023-03-07,1.9737053173258607,1.934283502376063,1.9391210678445907,2.149253216591549,0.08167855602611851,1,643913.6579574599,1000000.0,2248626.540018186,-0.004244175570835562
2023-03-08,1.9566320802401704,1.9694384241977136,1.9662631370577397,2.149253216591549,0.08962235573938188,1,643913.6579574599,1000000.0,2266103.6890897593,0.0077723662691591144
2023-03-09,1.9596965074093968,1.949906167872951,1.9583831814797283,2.149253216591549,0.0881965455344372,1,643913.6579574599,1000000.0,2261029.6780689796,-0.0022390904022656644
2023-03-10,1.9408721690841488,1.9550376832699408,1.9557565296203916,2.149253216591549,0.09695509393624026,1,643913.6579574599,1000000.0,2259338.3410620536,-0.0007480383930079659
2023-03-13,1.9802719469742032,1.928175048516681,1.9391210678445907,2.149253216591549,0.07862324844409414,1,643913.6579574599,1000000.0,2248626.540018186,-0.004741123031104855
2023-03-14,1.967576462987408,1.9481540245657,1.979396396354424,2.149253216591549,0.08453017643600785,1,643913.6579574599,1000000.0,2274560.3741243915,0.01153318865746189
2023-03-15,1.9723919913961925,1.9553043791202724,1.9750186432555292,2.149253216591549,0.08228961754252329,1,643913.6579574599,1000000.0,2271741.4791128477,-0.0012393142180844308
2023-03-16,1.9373699666050324,1.9529809355600565,1.9531298777610544,2.149253216591549,0.09858459131332016,1,643913.6579574599,1000000.0,2257647.004055127,-0.006204260118200078
2023-03-17,1.960572058029176,1.92965832499924,1.9461254728028223,2.149253216591549,0.08778917119016726,1,643913.6579574599,1000000.0,2253136.7720366567,-0.0019977578471608304
2023-03-20,1.9719542160863028,1.9422179126709656,1.9645120358181811,2.149253216591549,0.08249330471465831,1,643913.6579574599,1000000.0,2264976.1310851416,0.005254611790736163
2023-03-21,1.9588209567896175,1.953929150361674,1.9763319691851973,2.149253216591549,0.08860391987870725,1,643913.6579574599,1000000.0,2272587.14761631,0.0033603076106245577
2023-03-22,1.9737053173258607,1.94477699044835,1.9618853839588444,2.149253216591549,0.08167855602611851,1,643913.6579574599,1000000.0,2263284.794078215,-0.0040932879286289525
2023-03-23,1.996031858130225,1.950060474050601,1.9750186432555292,2.149253216591549,0.07129051024723565,1,643913.6579574599,1000000.0,2271741.4791128477,0.0037364652724036773
2023-03-24,1.9785208457346453,1.965078606687,2.000847386539009,2.149253216591549,0.07943799713263394,1,643913.6579574599,1000000.0,2288372.959680957,0.00732102693947545
2023-03-27,1.9216100554490103,1.963735608547759,1.93124111226658,2.149253216591549,0.10591732951017875,1,643913.6579574599,1000000.0,2243552.5289974073,-0.019586156397250143
2023-03-28,1.908476796152326,1.9082999452409288,1.9216100554490103,2.149253216591549,0.11202794467422729,1,643913.6579574599,1000000.0,2237350.9599720095,-0.0027641737580216263
2023-03-29,1.9036612677435412,1.9036821157773267,1.9128545492512208,2.149253216591549,0.11426850356771197,1,643913.6579574599,1000000.0,2231713.1699489215,-0.002519850539299595
2023-03-30,1.941309944394038,1.8951807471781807,1.9040990430534308,2.149253216591549,0.09675140676410544,1,643913.6579574599,1000000.0,2226075.3799258335,-0.0025262162266206367
2023-03-31,1.943061045633596,1.9146749279526143,1.9382455172248116,2.149253216591549,0.09593665807556565,1,643913.6579574599,1000000.0,2248062.761015877,0.009877195214645473
2023-04-03,1.93080333695669,1.9157847968451032,1.9487521246621595,2.149253216591549,0.10163989889534454,1,643913.6579574599,1000000.0,2254828.1090435833,0.0030094124350197315
2023-04-04,1.9448121468731536,1.921825950499298,1.93124111226658,2.149253216591549,0.09512190938702594,1,643913.6579574599,1000000.0,2243552.5289974073,-0.005000638408290348
2023-04-06,1.9321166628863584,1.9191107295659584,1.9448121468731536,2.149253216591549,0.10102883737893965,1,643913.6579574599,1000000.0,2252291.1035331935,0.003894972113575257
2023-04-07,1.924236707308348,1.923562896986023,1.93124111226658,2.149253216591549,0.1046952064773687,1,643913.6579574599,1000000.0,2243552.5289974073,-0.0038798601664224996
2023-04-10,1.918545628279784,1.9094118181097504,1.9181078529698947,2.149253216591549,0.10734313971512342,1,643913.6579574599,1000000.0,2235095.8439627746,-0.0037693278518474704
2023-04-11,1.917232302350116,1.898897622282021,1.9202967295193425,2.149253216591549,0.10795420123152799,1,643913.6579574599,1000000.0,2236505.2914685467,0.0006305982401511034
2023-04-12,1.929052235717132,1.9014186245090765,1.9202967295193425,2.149253216591549,0.10245464758388433,1,643913.6579574599,1000000.0,2236505.2914685467,0.0
2023-04-13,1.943061045633596,1.908240660941074,1.929052235717132,2.149253216591549,0.09593665807556565,1,643913.6579574599,1000000.0,2242143.0814916347,0.0025208033464503288
2023-04-14,1.9531298777610544,1.913225051075608,1.9434988209434851,2.149253216591549,0.09125185311646157,1,643913.6579574599,1000000.0,2251445.43502973,0.004148867043715532
2023-04-17,1.981147497593982,1.9292718915630045,1.9526921024511648,2.149253216591549,0.07821587409982429,1,643913.6579574599,1000000.0,2257365.1145539726,0.0026292795872995267
2023-04-18,1.995594082820336,1.9641955211162083,1.9846497000730985,2.149253216591549,0.07149419741937037,1,643913.6579574599,1000000.0,2277943.0481382445,0.009115908388766636
2023-04-19,1.9920918803412195,1.9800107353391032,1.995594082820336,2.149253216591549,0.07312369479645027,1,643913.6579574599,1000000.0,2284990.2856671046,0.0030936846883067304
2023-04-20,1.9903407791016612,1.985169137418562,1.986400801312656,2.149253216591549,0.07393844348499028,1,643913.6579574599,1000000.0,2279070.606142862,-0.002590680389923272
2023-04-21,1.9807097222840928,1.971700579481742,1.9859630260027668,2.149253216591549,0.0784195612719591,1,643913.6579574599,1000000.0,2278788.7166417073,-0.00012368616417346434
2023-04-24,1.9754564185654189,1.9711583368856072,1.9824608235236505,2.149253216591549,0.08086380733757861,1,643913.6579574599,1000000.0,2276533.600632472,-0.0009896117146651617
2023-04-25,1.9702031148467447,1.9700479669990352,1.9754564185654189,2.149253216591549,0.0833080534031982,1,643913.6579574599,1000000.0,2272023.368614002,-0.0019811840322571106
2023-04-26,1.9658253617478496,1.955966025306255,1.9728297667060817,2.149253216591549,0.08534492512454786,1,643913.6579574599,1000000.0,2270332.0316070756,-0.0007444188428212817
2023-04-27,1.9671386876775183,1.96000153264706,1.9693275642269656,2.149253216591549,0.08473386360814288,1,643913.6579574599,1000000.0,2268076.91559784,-0.000993297886758504
2023-04-28,1.9828985988335404,1.9557455879096128,1.964074260508292,2.149253216591549,0.07740112541128429,1,643913.6579574599,1000000.0,2264694.241583987,-0.0014914282626792286
2023-05-04,2.0043495890181253,1.968882821759358,1.9728297667060817,2.149253216591549,0.06742045397667148,1,643913.6579574599,1000000.0,2270332.0316070756,0.002489426572279907
2023-05-05,2.018358398934589,1.9763953950361408,2.003911813708236,2.149253216591549,0.060902464468352895,1,643913.6579574599,1000000.0,2290346.186189038,0.008815518744980766
2023-05-08,2.0989090559542567,1.9977434209167304,2.0179206236247,2.149253216591549,0.023424024795520346,1,643913.6579574599,1000000.0,2299366.6502259793,0.0039384718743984415
2023-05-09,2.096720179404809,2.039909754933858,2.1102912140113834,2.149253216591549,0.02444246065619517,1,643913.6579574599,1000000.0,2358845.3349695588,0.025867420812480724
2023-05-10,2.082711369488345,2.069840310455085,2.0932179769256933,2.149253216591549,0.030960450164513962,1,643913.6579574599,1000000.0,2347851.644424537,-0.004660623730620039
2023-05-11,2.068264784261992,2.048155115556449,2.0757069645301134,2.149253216591549,0.037682126844967474,1,643913.6579574599,1000000.0,2336576.0643783608,-0.004802509593377691
2023-05-12,2.059947053374092,2.036149293344773,2.069140334881771,2.149253216591549,0.04155218311553144,1,643913.6579574599,1000000.0,2332347.721861045,-0.0018096318719419413
2023-05-15,2.060384828683981,2.03871488404524,2.0520670977960807,2.149253216591549,0.04134849594339672,1,643913.6579574599,1000000.0,2321354.031316023,-0.004713572698435309
2023-05-16,2.0739558632905557,2.0318824937355213,2.0612603793037603,2.149253216591549,0.03503419360721285,1,643913.6579574599,1000000.0,2327273.7108402653,0.002550097677641361
2023-05-17,2.056882626204865,2.057316293363272,2.066951458332323,2.149253216591549,0.04297799332047631,1,643913.6579574599,1000000.0,2330938.2743552728,0.0015746164698797749
2023-05-18,2.063449255853208,2.035862056737027,2.0608226039938704,2.149253216591549,0.03992268573845184,1,643913.6579574599,1000000.0,2326991.821339111,-0.0016930748701414755
2023-05-19,2.063887031163097,2.0432099699584385,2.0608226039938704,2.149253216591549,0.039718998566317124,1,643913.6579574599,1000000.0,2326991.821339111,0.0
2023-05-22,2.059509278064202,2.0407193613724357,2.056444850894976,2.149253216591549,0.041755870287666565,1,643913.6579574599,1000000.0,2324172.9263275675,-0.0012113901672078375
2023-05-23,2.056444850894976,2.0415346457439565,2.063011480543318,2.149253216591549,0.04318168049261103,1,643913.6579574599,1000000.0,2328401.268844883,0.0018192891197630345
2023-05-24,2.0314916582312743,2.039177635580161,2.053818199035639,2.149253216591549,0.05479184930430395,1,643913.6579574599,1000000.0,2322481.5893206405,-0.00254237944440705
2023-05-25,2.025362803892821,2.014986635274996,2.028427231062048,2.149253216591549,0.0576434697141935,1,643913.6579574599,1000000.0,2306131.998253685,-0.007039707501723669
2023-05-26,1.9925296556511087,2.001446769180322,2.018358398934589,2.149253216591549,0.07292000762431546,1,643913.6579574599,1000000.0,2299648.5397271337,-0.0028113995779343037
2023-05-29,1.999096285299452,1.947780449977602,1.9925296556511087,2.149253216591549,0.06986470004229067,1,643913.6579574599,1000000.0,2283017.0591590237,-0.007232183649282131
2023-05-30,1.9868385766225456,1.9496159253007053,1.9986585099895624,2.149253216591549,0.07556794086206976,1,643913.6579574599,1000000.0,2286963.5121751856,0.001728613021234171
2023-05-31,1.945687697492933,1.9517645219258573,1.9785208457346453,2.149253216591549,0.0947145350427559,1,643913.6579574599,1000000.0,2273996.5951220826,-0.005669927388028073
2023-06-01,1.9343055394358064,1.926433927079262,1.939996618464369,2.149253216591549,0.10001040151826462,1,643913.6579574599,1000000.0,2249190.319020495,-0.010908668972855695
2023-06-02,1.9470010234226016,1.9115949833266488,1.9356188653654745,2.149253216591549,0.09410347352635091,1,643913.6579574599,1000000.0,2246371.4240089506,-0.0012532932352171677
2023-06-05,1.9601342827192865,1.918988320011611,1.940434393774259,2.149253216591549,0.08799285836230217,1,643913.6579574599,1000000.0,2249472.2085216492,0.0013803525452460441
2023-06-06,1.9929674309609984,1.9238972270375971,1.9618853839588444,2.149253216591549,0.07271632045218043,1,643913.6579574599,1000000.0,2263284.794078215,0.006140367284485526
2023-06-07,1.993405206270888,1.9600753457753293,1.995594082820336,2.149253216591549,0.0725126332800454,1,643913.6579574599,1000000.0,2284990.2856671046,0.009590260865835809
2023-06-08,2.005662914947794,1.9605225664936687,1.9964696334401144,2.149253216591549,0.0668093924602665,1,643913.6579574599,1000000.0,2285554.0646694135,0.00024673146570708404
2023-06-09,1.999096285299452,1.972063466196063,2.0043495890181253,2.149253216591549,0.06986470004229067,1,643913.6579574599,1000000.0,2290628.075690192,0.0022200354387647003
2023-06-12,2.0157317470752525,1.9734041263629152,1.994280756890667,2.149253216591549,0.06212458750116244,1,643913.6579574599,1000000.0,2284144.6171636414,-0.002830428298403409
2023-06-13,2.006538465567573,1.9836359285257037,2.012229544596136,2.149253216591549,0.06640201811599666,1,643913.6579574599,1000000.0,2295702.086710972,0.005059867689849673
2023-06-14,2.0244872532730422,1.9878365969159624,2.0096028927368,2.149253216591549,0.05805084405846334,1,643913.6579574599,1000000.0,2294010.749704046,-0.0007367406322955627
2023-06-15,2.023173927343373,1.9995839061806664,2.024049477963153,2.149253216591549,0.05866190557486853,1,643913.6579574599,1000000.0,2303313.103242141,0.0040550610058367464
2023-06-16,2.021422826103816,2.005046578666703,2.025362803892821,2.149253216591549,0.059476654263408014,1,643913.6579574599,1000000.0,2304158.771745604,0.00036715308147750036
2023-06-19,2.015293971765362,2.0082552787720718,2.021422826103816,2.149253216591549,0.062328274673297775,1,643913.6579574599,1000000.0,2301621.7662352147,-0.0011010549887008336
2023-06-20,2.014418421145584,2.0057088928447966,2.022736152033484,2.149253216591549,0.06273564901756741,1,643913.6579574599,1000000.0,2302467.4347386775,0.0003674228823644654
2023-06-21,2.014856196455473,2.016480432633303,2.0078517914972416,2.149253216591549,0.06253196184543248,1,643913.6579574599,1000000.0,2292883.191699428,-0.004162596566903098
2023-06-26,2.0096028927368,2.0158269693506807,2.00916511742691,2.149253216591549,0.06497620791105158,1,643913.6579574599,1000000.0,2293728.860202891,0.0003688231945369047
2023-06-27,2.0222983767235947,2.00057270150303,2.00916511742691,2.149253216591549,0.05906927991913817,1,643913.6579574599,1000000.0,2293728.860202891,0.0
2023-06-28,2.039371613809285,2.00656726270748,2.023173927343373,2.149253216591549,0.05112548020587471,1,643913.6579574599,1000000.0,2302749.3242398314,0.0039326636175047724
2023-06-29,2.0297405569917166,2.014138953286089,2.040247164429064,2.149253216591549,0.05560659799284364,1,643913.6579574599,1000000.0,2313743.014784854,0.004774158623910063
2023-06-30,2.056007075585086,2.0108043366677903,2.0293027816818268,2.149253216591549,0.04338536766474637,1,643913.6579574599,1000000.0,2306695.777255994,-0.003045816879328478
2023-07-03,2.0739558632905557,2.024305960214107,2.049440445936744,2.149253216591549,0.03503419360721285,1,643913.6579574599,1000000.0,2319662.694309097,0.005621424888776705
2023-07-04,2.071766986741108,2.042706971898828,2.0713292114312183,2.149253216591549,0.036052629467887676,1,643913.6579574599,1000000.0,2333757.169366817,0.006076088171051097
2023-07-05,2.084462470727904,2.046696888778054,2.072642537360887,2.149253216591549,0.03014570147597365,1,643913.6579574599,1000000.0,2334602.8378702803,0.0003623635374594425
2023-07-06,2.074831413910334,2.0577446433044746,2.077020290459782,2.149253216591549,0.034626819262943205,1,643913.6579574599,1000000.0,2337421.7328818245,0.0012074409256332963
2023-07-07,2.077895841079561,2.04862304403023,2.0704536608114394,2.149253216591549,0.03320100905799833,1,643913.6579574599,1000000.0,2333193.390364508,-0.0018089771553989609
2023-07-10,2.074831413910334,2.052567871441962,2.0862135719674613,2.149253216591549,0.034626819262943205,1,643913.6579574599,1000000.0,2343341.4124060664,0.0043494131620065435
2023-07-11,2.0695781101916606,2.0525892471895157,2.0835869201081243,2.149253216591549,0.0370710653285625,1,643913.6579574599,1000000.0,2341650.07539914,-0.0007217629484002064
2023-07-12,2.065638132402655,2.0518679827076225,2.0743936386004447,2.149253216591549,0.03890424987777722,1,643913.6579574599,1000000.0,2335730.3958748975,-0.002527994932476574
2023-07-13,2.077020290459782,2.0454746302128832,2.069140334881771,2.149253216591549,0.033608383402268176,1,643913.6579574599,1000000.0,2332347.721861045,-0.0014482296500600844
2023-07-14,2.084900246037793,2.052032809761021,2.077020290459782,2.149253216591549,0.029942014303838933,1,643913.6579574599,1000000.0,2337421.7328818245,0.002175495091585544
2023-07-17,2.0367449619499483,2.0610139636939198,2.055131524965307,2.149253216591549,0.052347603238684454,1,643913.6579574599,1000000.0,2323327.257824104,-0.0060299238513297215
2023-07-18,2.039809389119174,2.01008140220562,2.040684939738954,2.149253216591549,0.05092179303373999,1,643913.6579574599,1000000.0,2314024.9042860083,-0.004003892911241258
2023-07-19,2.0455004681477384,2.0111760742775826,2.0301783323016056,2.149253216591549,0.048273859795985155,1,643913.6579574599,1000000.0,2307259.556258302,-0.0029236280107337587
2023-07-20,2.0367449619499483,2.018339788674376,2.0503159965565225,2.149253216591549,0.052347603238684454,1,643913.6579574599,1000000.0,2320226.473311405,0.00562005129328913
2023-07-21,2.032804984160943,2.0094967421104344,2.038496063189506,2.149253216591549,0.05418078778789897,1,643913.6579574599,1000000.0,2312615.456780236,-0.0032802903590297694
2023-07-24,2.0288650063719373,1.99440897129646,2.0166072976950318,2.149253216591549,0.05601397233711369,1,643913.6579574599,1000000.0,2298520.981722516,-0.006094603846219848
2023-07-25,2.0573204015147546,1.9888295671890197,2.042873816288401,2.149253216591549,0.04277430614834139,1,643913.6579574599,1000000.0,2315434.3517917804,0.007358370971488615
2023-07-26,2.066951458332323,2.01482832114468,2.0573204015147546,2.149253216591549,0.03829318836137245,1,643913.6579574599,1000000.0,2324736.7053298755,0.004017541473761321
2023-07-27,2.063887031163097,2.031822040449472,2.069140334881771,2.149253216591549,0.039718998566317124,1,643913.6579574599,1000000.0,2332347.721861045,0.003273926253119175
2023-07-28,2.065200357092765,2.030631344511548,2.064762581782876,2.149253216591549,0.039107937049912354,1,643913.6579574599,1000000.0,2329528.8268495006,-0.001208608384214216
2023-07-31,2.063887031163097,2.0315578495695568,2.073518087980666,2.149253216591549,0.039718998566317124,1,643913.6579574599,1000000.0,2335166.6168725886,0.0024201417720650653
2023-08-01,2.0665136830224338,2.039650406996748,2.0625737052334285,2.149253216591549,0.03849687553350738,1,643913.6579574599,1000000.0,2328119.3793437285,-0.003017873533280535
2023-08-02,2.0433115915982905,2.0373318063793366,2.068264784261992,2.149253216591549,0.049292295656660184,1,643913.6579574599,1000000.0,2331783.942858736,0.0015740445045564488
2023-08-03,2.042436040978512,2.0172274148114706,2.049440445936744,2.149253216591549,0.04969967000092983,1,643913.6579574599,1000000.0,2319662.694309097,-0.005198272587287334
2023-08-04,2.038496063189506,2.0083217439871195,2.047251569387296,2.149253216591549,0.05153285455014476,1,643913.6579574599,1000000.0,2318253.2468033247,-0.0006076088171051985
2023-08-07,2.041122715048844,2.027284370039195,2.03499386071039,2.149253216591549,0.050310731517334596,1,643913.6579574599,1000000.0,2310360.340771001,-0.003404678088214652
2023-08-08,2.0437493669081803,2.0170485599237407,2.036307186640059,2.149253216591549,0.04908860848452506,1,643913.6579574599,1000000.0,2311206.009274464,0.00036603316311301093
2023-08-09,2.039809389119174,2.016897927702701,2.041122715048844,2.149253216591549,0.05092179303373999,1,643913.6579574599,1000000.0,2314306.793787163,0.0013416305168194587
2023-08-10,2.05250487310597,2.018850969637348,2.038496063189506,2.149253216591549,0.04501486504182596,1,643913.6579574599,1000000.0,2312615.456780236,-0.0007308179760209255
2023-08-11,2.025800579202711,2.03290218369302,2.0503159965565225,2.149253216591549,0.057439782542058365,1,643913.6579574599,1000000.0,2320226.473311405,0.0032910860769586048
2023-08-14,2.0192339495543683,2.012712456132969,2.0174828483148106,2.149253216591549,0.06049509012408284,1,643913.6579574599,1000000.0,2299084.760724825,-0.009111917663971458
2023-08-15,2.0262383545126004,1.9795596736661247,2.0209850507939264,2.149253216591549,0.05723609536992345,1,643913.6579574599,1000000.0,2301339.8767340602,0.0009808755413283077
2023-08-16,2.0209850507939264,1.983852190971652,2.023173927343373,2.149253216591549,0.05968034143554294,1,643913.6579574599,1000000.0,2302749.3242398314,0.0006124464795576046
2023-08-17,2.021422826103816,1.9854393402274768,2.0174828483148106,2.149253216591549,0.059476654263408014,1,643913.6579574599,1000000.0,2299084.760724825,-0.001591386207969614
2023-08-18,2.018796174244479,1.9808029739827933,2.021422826103816,2.149253216591549,0.06069877729621777,1,643913.6579574599,1000000.0,2301621.7662352147,0.0011034849839941518
2023-08-21,2.003911813708236,1.984312604534184,2.024049477963153,2.149253216591549,0.06762414114880641,1,643913.6579574599,1000000.0,2303313.103242141,0.0007348457647291529
2023-08-22,2.0262383545126004,1.9731369295185,2.0043495890181253,2.149253216591549,0.05723609536992345,1,643913.6579574599,1000000.0,2290628.075690192,-0.00550729622216517
2023-08-23,2.0490026706268543,1.998727373296289,2.02667612982249,2.149253216591549,0.04664436241890556,1,643913.6579574599,1000000.0,2305004.4402490673,0.006276167096460394
2023-08-24,2.038933838499396,2.023790771298469,2.05250487310597,2.149253216591549,0.051329167378009626,1,643913.6579574599,1000000.0,2321635.9208171773,0.0072153789718134576
2023-08-25,2.042436040978512,2.021342413213489,2.039809389119174,2.149253216591549,0.04969967000092983,1,643913.6579574599,1000000.0,2313461.1252836995,-0.0035211358767228695
2023-08-28,2.069140334881771,2.01813154213376,2.085775796657572,2.149253216591549,0.03727475250069742,1,643913.6579574599,1000000.0,2343059.522904912,0.012793989619161117
2023-08-29,2.0665136830224338,2.050987068111192,2.073518087980666,2.149253216591549,0.03849687553350738,1,643913.6579574599,1000000.0,2335166.6168725886,-0.003368632318199838
2023-08-30,2.059509278064202,2.044013397469989,2.073518087980666,2.149253216591549,0.041755870287666565,1,643913.6579574599,1000000.0,2335166.6168725886,0.0
2023-08-31,2.0546937496554176,2.0358027724371723,2.069140334881771,2.149253216591549,0.04399642918115114,1,643913.6579574599,1000000.0,2332347.721861045,-0.0012071494133121252
2023-09-01,2.0800847176290085,2.041417079132414,2.0608226039938704,2.149253216591549,0.032182573197323504,1,643913.6579574599,1000000.0,2326991.821339111,-0.002296355930007099
2023-09-04,2.1164200683498366,2.0550541380792438,2.0901535497564665,2.149253216591549,0.015276537910121955,1,643913.6579574599,1000000.0,2345878.4179164562,0.008116314120294899
2023-09-05,2.124300023927848,2.080829949667845,2.1085401127718257,2.149253216591549,0.011610168811692504,1,643913.6579574599,1000000.0,2357717.776964941,0.005046876665927291
2023-09-06,2.120797821448732,2.087292439346077,2.122548922688289,2.149253216591549,0.0132396661887721,1,643913.6579574599,1000000.0,2366738.2410018817,0.0038259303658272348
2023-09-07,2.125613349857516,2.0913927419216525,2.120797821448732,2.149253216591549,0.01099910729528794,1,643913.6579574599,1000000.0,2365610.682997265,-0.0004764185515249153
2023-09-08,2.1102912140113834,2.095115294958436,2.1164200683498366,2.149253216591549,0.018128158320011505,1,643913.6579574599,1000000.0,2362791.7879857207,-0.0011916140858700963
2023-09-11,2.125613349857516,2.088367906644847,2.112917865870721,2.149253216591549,0.01099910729528794,1,643913.6579574599,1000000.0,2360536.6719764853,-0.0009544285792350005
2023-09-12,2.1264889004772947,2.0968998358830726,2.1216733720685106,2.149253216591549,0.010591732951018092,1,643913.6579574599,1000000.0,2366174.4619995737,0.002388350958499652
2023-09-13,2.146188789422322,2.0930401774654985,2.133931080745416,2.149253216591549,0.0014258102049448784,1,643913.6579574599,1000000.0,2374067.3680318967,0.003335724461184908
2023-09-14,2.1851507920024877,2.1101123858433377,2.146626564732212,2.1851507920024877,0.0,1,643913.6579574599,1000000.0,2382242.163565375,0.003443371339649559
2023-09-15,2.1860263426222666,2.13250815735009,2.198721826609062,2.1860263426222666,0.0,1,643913.6579574599,1000000.0,2415787.0142027494,0.014081209354119384
2023-09-18,2.188652994481604,2.1452992042882904,2.187339668551935,2.188652994481604,0.0,1,643913.6579574599,1000000.0,2408457.8871727344,-0.0030338465216205313
2023-09-19,2.1952196241299458,2.1414839673461,2.1895285451013824,2.1952196241299458,0.0,1,643913.6579574599,1000000.0,2409867.3346785065,0.0005852074529841822
2023-09-20,2.1991596019189514,2.155614004470875,2.1952196241299458,2.1991596019189514,0.0,1,643913.6579574599,1000000.0,2413531.8981935135,0.001520649482348313
2023-09-21,2.1855885673123767,2.1579210822243704,2.195657399439836,2.1991596019189514,0.006171009414111122,1,643913.6579574599,1000000.0,2413813.7876946684,0.00011679543219034194
2023-09-22,2.1895285451013824,2.148222671762246,2.19215519696072,2.1991596019189514,0.0043794260358207444,1,643913.6579574599,1000000.0,2411558.671685433,-0.0009342543408823456
2023-09-25,2.193906298200277,2.1422274425656846,2.198721826609062,2.1991596019189514,0.002388777837720571,1,643913.6579574599,1000000.0,2415787.0142027494,0.0017533649779961635
2023-09-26,2.1855885673123767,2.1533687159876505,2.193906298200277,2.1991596019189514,0.006171009414111122,1,643913.6579574599,1000000.0,2412686.2296900502,-0.0012835504514550067
2023-09-27,2.1724553080156923,2.1472507432406864,2.190841871031051,2.1991596019189514,0.012142954008411843,1,643913.6579574599,1000000.0,2410713.0031819697,-0.0008178545903725354
2023-09-28,2.187339668551935,2.133619195228773,2.1851507920024877,2.1991596019189514,0.0053747501348709315,1,643913.6579574599,1000000.0,2407048.4396669623,-0.0015201160445770245
2023-10-09,2.2026618043980672,2.1466685881159173,2.178584162354145,2.2026618043980672,0.0,1,643913.6579574599,1000000.0,2402820.0971496464,-0.001756650363837653
2023-10-10,2.181210814213482,2.150550290273156,2.2026618043980672,2.2026618043980672,0.00973866716250033,1,643913.6579574599,1000000.0,2418324.019713138,0.006452385920145742
2023-10-11,2.1724553080156923,2.141932524048661,2.1895285451013824,2.2026618043980672,0.013713633351275923,1,643913.6579574599,1000000.0,2409867.3346785065,-0.0034969197533897267
2023-10-12,2.16545090305746,2.127047321842359,2.1825241401431503,2.2026618043980672,0.016893606302296717,1,643913.6579574599,1000000.0,2405357.1026600357,-0.0018715685936597781
2023-10-13,2.168515330226686,2.1118137617501502,2.1566953968596705,2.2026618043980672,0.015502368136225271,1,643913.6579574599,1000000.0,2388725.622091926,-0.006914349869180381
2023-10-16,2.1974085006793933,2.1103750737410034,2.1772708364244764,2.2026618043980672,0.0023849797132653953,1,643913.6579574599,1000000.0,2401974.4286461826,0.00554639110985633
2023-10-17,2.2044129056376254,2.13685261104225,2.196095174749725,2.2044129056376254,0.0,1,643913.6579574599,1000000.0,2414095.677195823,0.005046368689475278
2023-10-18,2.204850680947515,2.143321613643564,2.200910703158509,2.204850680947515,0.0,1,643913.6579574599,1000000.0,2417196.4617085205,0.0012844497183721604
2023-10-19,2.176395285804697,2.1519163341402274,2.196095174749725,2.204850680947515,0.012905815068886772,1,643913.6579574599,1000000.0,2414095.677195823,-0.0012828020236741455
2023-10-20,2.168953105536576,2.1341717917026286,2.180335263593703,2.204850680947515,0.016281182086903084,1,643913.6579574599,1000000.0,2403947.655154264,-0.004203653623764625
2023-10-23,2.1755197351849187,2.1245436874101906,2.169828656156355,2.204850680947515,0.013302917071006089,1,643913.6579574599,1000000.0,2397182.307126558,-0.002814265948428929
2023-10-24,2.160635374648676,2.122760649467804,2.1733308586354707,2.204850680947515,0.02005365110703891,1,643913.6579574599,1000000.0,2399437.423135793,0.0009407361311364326
2023-10-25,2.1505665425212173,2.1160127601601317,2.1733308586354707,2.204850680947515,0.024620324131414385,1,643913.6579574599,1000000.0,2399437.423135793,0.0
2023-10-26,2.1588842734091176,2.117421221526254,2.155382070930002,2.204850680947515,0.020847855111278353,1,643913.6579574599,1000000.0,2387879.9535884624,-0.004816741389415347
2023-10-27,2.150128767211328,2.110910970412083,2.1566953968596705,2.204850680947515,0.024818875132474143,1,643913.6579574599,1000000.0,2388725.622091926,0.0003541503425215087
2023-10-30,2.1221111473784,2.1024268026097963,2.150128767211328,2.204850680947515,0.037526139200300956,1,643913.6579574599,1000000.0,2384497.27957461,-0.0017701248222947719
2023-10-31,2.148815441281659,2.0902780300863584,2.121235596758621,2.204850680947515,0.025414528135653622,1,643913.6579574599,1000000.0,2365892.5724984193,-0.0078023603698593735
2023-11-01,2.147502115351991,2.100635915760105,2.143999912872875,2.204850680947515,0.0260101811388329,1,643913.6579574599,1000000.0,2380550.8265584484,0.006195654963551345
2023-11-02,2.1562576215497806,2.1021111763373312,2.158446498099228,2.204850680947515,0.02203916111763711,1,643913.6579574599,1000000.0,2389853.1800965434,0.0039076475218735585
2023-11-03,2.1510043178311067,2.114677109934112,2.1623864758882334,2.204850680947515,0.024421773130354624,1,643913.6579574599,1000000.0,2392390.185606933,0.0010615737952099913
2023-11-06,2.112042315250941,2.1034324647329634,2.148815441281659,2.204850680947515,0.042092812224676424,1,643913.6579574599,1000000.0,2383651.6110711466,-0.0036526543990856863
2023-11-07,2.119484495519063,2.075237853710295,2.1054756856026,2.204850680947515,0.03871744520665971,1,643913.6579574599,1000000.0,2355744.550456861,-0.011707692720139162
2023-11-08,2.124300023927848,2.0696141951254985,2.112042315250941,2.204850680947515,0.03653338419500175,1,643913.6579574599,1000000.0,2359972.8929741764,0.0017949070566651848
2023-11-09,2.166326453677239,2.0790724624237056,2.129115552336632,2.204850680947515,0.01747248809326184,1,643913.6579574599,1000000.0,2370966.5835191985,0.004658396957757827
2023-11-10,2.18296191545304,2.112924966626861,2.1650131277475704,2.204850680947515,0.009927550052989577,1,643913.6579574599,1000000.0,2394081.5226138597,0.009749162748785789
2023-11-13,2.1755197351849187,2.1266896120668983,2.184713016692598,2.204850680947515,0.013302917071006089,1,643913.6579574599,1000000.0,2406766.550165808,0.005298494404692766
2023-11-14,2.1632620265080127,2.1322234257127604,2.1733308586354707,2.204850680947515,0.018862345100680356,1,643913.6579574599,1000000.0,2399437.423135793,-0.0030452172561190594
2023-11-15,2.167202004297018,2.128463131121703,2.169390880846465,2.204850680947515,0.01707538609114232,1,643913.6579574599,1000000.0,2396900.417625403,-0.0010573334757254527
2023-11-16,2.168515330226686,2.1261094609184625,2.1658886783673497,2.204850680947515,0.016479733087963043,1,643913.6579574599,1000000.0,2394645.3016161686,-0.0009408467672047394
2023-11-17,2.169828656156355,2.1269753456923945,2.16545090305746,2.204850680947515,0.015884080084783564,1,643913.6579574599,1000000.0,2394363.412115014,-0.00011771659918247135
2023-11-20,2.166326453677239,2.1362490801699274,2.171141982086024,2.204850680947515,0.01747248809326184,1,643913.6579574599,1000000.0,2398027.9756300217,0.0015304959541502239
2023-11-21,2.1658886783673497,2.124206184396089,2.168953105536576,2.204850680947515,0.0176710390943216,1,643913.6579574599,1000000.0,2396618.5281242495,-0.0005877527368719493
2023-11-22,2.1632620265080127,2.133668459646962,2.161948700578344,2.204850680947515,0.018862345100680356,1,643913.6579574599,1000000.0,2392108.296105779,-0.0018819148585990098
2023-11-23,2.176395285804697,2.1219181444177577,2.161948700578344,2.204850680947515,0.012905815068886772,1,643913.6579574599,1000000.0,2392108.296105779,0.0
2023-11-24,2.1807730389035926,2.132322789539277,2.1728930833255817,2.204850680947515,0.010920305058288575,1,643913.6579574599,1000000.0,2399155.5336346393,0.002946036155776488
2023-11-27,2.1895285451013824,2.158014601119916,2.1895285451013824,2.204850680947515,0.006949285037092784,1,643913.6579574599,1000000.0,2409867.3346785065,0.004464821431413801
2023-11-28,2.1781463870442552,2.155674624754952,2.188652994481604,2.204850680947515,0.012111611064647533,1,643913.6579574599,1000000.0,2409303.5556761976,-0.0002339460742074584
2023-11-29,2.1860263426222666,2.142854186163865,2.186464117932156,2.204850680947515,0.00853769304557106,1,643913.6579574599,1000000.0,2407894.1081704255,-0.0005850020444503334
2023-11-30,2.2000351525387303,2.139234670910209,2.1807730389035926,2.204850680947515,0.0021840610116577552,1,643913.6579574599,1000000.0,2404229.5446554185,-0.0015218956276243922
2023-12-01,2.200910703158509,2.1445579000430666,2.2000351525387303,2.204850680947515,0.0017869590095382366,1,643913.6579574599,1000000.0,2416632.682706212,0.005158882635963646
2023-12-04,2.211855085905747,2.157927595147453,2.2000351525387303,2.211855085905747,0.0,1,643913.6579574599,1000000.0,2416632.682706212,0.0
2023-12-05,2.190841871031051,2.172730968320154,2.2083528834266306,2.211855085905747,0.009500267449072472,1,643913.6579574599,1000000.0,2421988.5832281457,0.0022162658645896727
2023-12-06,2.180335263593703,2.151596532917068,2.189966320411272,2.211855085905747,0.014250401173608708,1,643913.6579574599,1000000.0,2410149.224179661,-0.004888280287723257
2023-12-07,2.159759824028897,2.1355049369582315,2.1790219376640345,2.211855085905747,0.02355274638415887,1,643913.6579574599,1000000.0,2403101.9866508003,-0.0029239839003160073
2023-12-08,2.1601975993387863,2.1198694126132063,2.1588842734091176,2.211855085905747,0.02335482414563656,1,643913.6579574599,1000000.0,2390135.069597698,-0.00539590792447997
2023-12-11,2.182086364833261,2.1167253407445807,2.1531931943805542,2.211855085905747,0.013458712219519468,1,643913.6579574599,1000000.0,2386470.506082691,-0.0015332035254492782
2023-12-12,2.1895285451013824,2.126719671711895,2.1781463870442552,2.211855085905747,0.010094034164639602,1,643913.6579574599,1000000.0,2402538.2076484915,0.006732830564990078
2023-12-13,2.168953105536576,2.137267601141232,2.188215219171714,2.211855085905747,0.019396379375189763,1,643913.6579574599,1000000.0,2409021.666175043,0.0026985870634279596
2023-12-14,2.1650131277475704,2.125407067213706,2.1733308586354707,2.211855085905747,0.021177679521890952,1,643913.6579574599,1000000.0,2399437.423135793,-0.003978479385977396
2023-12-15,2.152755419070665,2.117794295120268,2.16545090305746,2.211855085905747,0.026719502200516426,1,643913.6579574599,1000000.0,2394363.412115014,-0.0021146669514504612
2023-12-18,2.167639779606908,2.1112681791934604,2.1531931943805542,2.211855085905747,0.019990146090756694,1,643913.6579574599,1000000.0,2386470.506082691,-0.003296452824323448
2023-12-19,2.169828656156355,2.116611114093593,2.169828656156355,2.211855085905747,0.019000534898145145,1,643913.6579574599,1000000.0,2397182.307126558,0.004488553709993237
2023-12-20,2.179897488283814,2.1196726889365056,2.17420640925525,2.211855085905747,0.014448323412131018,1,643913.6579574599,1000000.0,2400001.202138102,0.0011759201639207628
2023-12-21,2.168515330226686,2.127503727452225,2.179459712973924,2.211855085905747,0.019594301613712273,1,643913.6579574599,1000000.0,2403383.8761519548,0.001409446799792935
2023-12-22,2.1952196241299458,2.117158032634505,2.170704206776134,2.211855085905747,0.007521045063849174,1,643913.6579574599,1000000.0,2397746.086128867,-0.0023457717591557348
2023-12-25,2.211855085905747,2.134481072050039,2.194344073510167,2.211855085905747,0.0,1,643913.6579574599,1000000.0,2412968.119191205,0.006348475825025179
2023-12-26,2.19215519696072,2.1544663940241127,2.2157950636947525,2.211855085905747,0.008906500733505341,1,643913.6579574599,1000000.0,2426780.704747771,0.005724313324618535
2023-12-27,2.2070395574969623,2.1606616868579294,2.20047292784862,2.211855085905747,0.0021771446237458083,1,643913.6579574599,1000000.0,2416914.572207367,-0.004065522904934005
2023-12-28,2.188215219171714,2.161450251545009,2.2070395574969623,2.211855085905747,0.01068780088020653,1,643913.6579574599,1000000.0,2421142.9147246825,0.0017494795082697578
2023-12-29,2.193906298200277,2.15158000011232,2.182086364833261,2.211855085905747,0.008114811779416304,1,643913.6579574599,1000000.0,2405075.2131588813,-0.006636411864860192
